inventor_id	disambig_inventor_name_first	disambig_inventor_name_last	male_flag
fl:santosh_ln:yamamoto-00000	Santosh	Yamamoto	0
fl:santosh_ln:ahmed-00001	Santosh	Ahmed	
fl:ivan_ln:gupta-00002	Ivan	Gupta	1
fl:anika_ln:sato-00003	Anika	Sato	0
fl:priya_ln:suzuki-00004	Priya	Suzuki	0
fl:anika_ln:zhang-00005	Anika	Zhang	
fl:giulia_ln:taylor-00006	Giulia	Taylor	1
fl:marco_ln:ivanov-00007	Marco	Ivanov	0
fl:fatima_ln:rossi-00008	Fatima	Rossi	1
fl:john_ln:brown-00009	John	Brown	
fl:priya_ln:brown-00010	Priya	Brown	1
fl:natasha_ln:garcia-00011	Natasha	Garcia	
fl:chen_ln:ahmed-00012	Chen	Ahmed	0
fl:amelia_ln:ivanov-00013	Amelia	Ivanov	
fl:natasha_ln:müller-00014	Natasha	Müller	0
fl:aisha_ln:chen-00015	Aisha	Chen	1
fl:aisha_ln:garcia-00016	Aisha	Garcia	0
fl:giulia_ln:sato-00017	Giulia	Sato	1
fl:pierre_ln:khan-00018	Pierre	Khan	
fl:sofia_ln:suzuki-00019	Sofia	Suzuki	0
fl:luca_ln:johnson-00020	Luca	Johnson	
fl:carlos_ln:sato-00021	Carlos	Sato	
fl:hans_ln:ahmed-00022	Hans	Ahmed	
fl:hans_ln:ahmed-00023	Hans	Ahmed	0
fl:kenji_ln:chen-00024	Kenji	Chen	0
fl:alice_ln:rodriguez-00025	Alice	Rodriguez	0
fl:alice_ln:li-00026	Alice	Li	0
fl:chen_ln:smith-00027	Chen	Smith	0
fl:priya_ln:schmidt-00028	Priya	Schmidt	1
fl:anika_ln:conti-00029	Anika	Conti	
fl:camille_ln:tanaka-00030	Camille	Tanaka	0
fl:fatima_ln:johnson-00031	Fatima	Johnson	1
fl:oliver_ln:taylor-00032	Oliver	Taylor	
fl:aisha_ln:suzuki-00033	Aisha	Suzuki	1
fl:rajesh_ln:ivanov-00034	Rajesh	Ivanov	1
fl:alice_ln:gupta-00035	Alice	Gupta	0
fl:pierre_ln:wilson-00036	Pierre	Wilson	0
fl:ahmed_ln:yamamoto-00037	Ahmed	Yamamoto	
fl:camille_ln:rossi-00038	Camille	Rossi	0
fl:greta_ln:ali-00039	Greta	Ali	1
fl:alice_ln:gupta-00040	Alice	Gupta	1
fl:ahmed_ln:sharma-00041	Ahmed	Sharma	0
fl:ahmed_ln:ali-00042	Ahmed	Ali	
fl:giulia_ln:chen-00043	Giulia	Chen	
fl:jin_ln:chen-00044	Jin	Chen	0
fl:liu_ln:kumar-00045	Liu	Kumar	
fl:oliver_ln:kumar-00046	Oliver	Kumar	0
fl:liam_ln:esposito-00047	Liam	Esposito	
fl:liam_ln:rossi-00048	Liam	Rossi	
fl:isabella_ln:dupont-00049	Isabella	Dupont	1
fl:giulia_ln:smith-00050	Giulia	Smith	0
fl:pierre_ln:rossi-00051	Pierre	Rossi	0
fl:sofia_ln:khan-00052	Sofia	Khan	
fl:sakura_ln:zhang-00053	Sakura	Zhang	1
fl:ahmed_ln:sato-00054	Ahmed	Sato	
fl:oliver_ln:miller-00055	Oliver	Miller	
fl:kenji_ln:khan-00056	Kenji	Khan	1
fl:liam_ln:schmidt-00057	Liam	Schmidt	1
fl:alice_ln:davis-00058	Alice	Davis	1
fl:ivan_ln:zhang-00059	Ivan	Zhang	1
fl:hans_ln:tanaka-00060	Hans	Tanaka	0
fl:carlos_ln:hassan-00061	Carlos	Hassan	0
fl:alice_ln:johnson-00062	Alice	Johnson	
fl:camille_ln:ali-00063	Camille	Ali	1
fl:olivia_ln:smith-00064	Olivia	Smith	0
fl:isabella_ln:park-00065	Isabella	Park	
fl:oliver_ln:ahmed-00066	Oliver	Ahmed	0
fl:rajesh_ln:khan-00067	Rajesh	Khan	1
fl:noah_ln:sato-00068	Noah	Sato	
fl:mohammed_ln:wilson-00069	Mohammed	Wilson	0
fl:yuki_ln:schmidt-00070	Yuki	Schmidt	0
fl:santosh_ln:conti-00071	Santosh	Conti	
fl:ahmed_ln:tanaka-00072	Ahmed	Tanaka	
fl:greta_ln:ferrari-00073	Greta	Ferrari	
fl:kenji_ln:anderson-00074	Kenji	Anderson	0
fl:emma_ln:ahmed-00075	Emma	Ahmed	0
fl:sakura_ln:rodriguez-00076	Sakura	Rodriguez	
fl:hiroshi_ln:anderson-00077	Hiroshi	Anderson	1
fl:priya_ln:petrov-00078	Priya	Petrov	1
fl:aisha_ln:chen-00079	Aisha	Chen	
fl:priya_ln:johnson-00080	Priya	Johnson	0
fl:olivia_ln:brown-00081	Olivia	Brown	
fl:john_ln:ferrari-00082	John	Ferrari	0
fl:oliver_ln:rossi-00083	Oliver	Rossi	0
fl:luca_ln:ali-00084	Luca	Ali	1
fl:jin_ln:taylor-00085	Jin	Taylor	0
fl:carlos_ln:kumar-00086	Carlos	Kumar	1
fl:john_ln:petrov-00087	John	Petrov	0
fl:jin_ln:kim-00088	Jin	Kim	
fl:min_ln:wang-00089	Min	Wang	1
fl:jin_ln:khan-00090	Jin	Khan	0
fl:fatima_ln:anderson-00091	Fatima	Anderson	
fl:liam_ln:anderson-00092	Liam	Anderson	0
fl:fatima_ln:wilson-00093	Fatima	Wilson	0
fl:santosh_ln:sharma-00094	Santosh	Sharma	0
fl:olivia_ln:ferrari-00095	Olivia	Ferrari	0
fl:pierre_ln:sharma-00096	Pierre	Sharma	1
fl:min_ln:sharma-00097	Min	Sharma	1
fl:oliver_ln:kumar-00098	Oliver	Kumar	0
fl:jin_ln:suzuki-00099	Jin	Suzuki	0
fl:chen_ln:miller-00100	Chen	Miller	
fl:john_ln:suzuki-00101	John	Suzuki	0
fl:aisha_ln:taylor-00102	Aisha	Taylor	0
fl:olivia_ln:conti-00103	Olivia	Conti	0
fl:isabella_ln:davis-00104	Isabella	Davis	0
fl:fatima_ln:khan-00105	Fatima	Khan	
fl:luca_ln:park-00106	Luca	Park	
fl:mohammed_ln:kim-00107	Mohammed	Kim	0
fl:mohammed_ln:smith-00108	Mohammed	Smith	0
fl:hans_ln:müller-00109	Hans	Müller	
fl:john_ln:anderson-00110	John	Anderson	0
fl:hans_ln:sato-00111	Hans	Sato	1
fl:chen_ln:khan-00112	Chen	Khan	
fl:greta_ln:rossi-00113	Greta	Rossi	0
fl:alice_ln:smith-00114	Alice	Smith	
fl:rajesh_ln:taylor-00115	Rajesh	Taylor	
fl:wei_ln:esposito-00116	Wei	Esposito	0
fl:min_ln:anderson-00117	Min	Anderson	
fl:liu_ln:tanaka-00118	Liu	Tanaka	
fl:fatima_ln:sharma-00119	Fatima	Sharma	1
fl:olivia_ln:petrov-00120	Olivia	Petrov	0
fl:amelia_ln:ahmed-00121	Amelia	Ahmed	1
fl:mohammed_ln:esposito-00122	Mohammed	Esposito	
fl:alice_ln:sato-00123	Alice	Sato	
fl:ahmed_ln:park-00124	Ahmed	Park	0
fl:mohammed_ln:müller-00125	Mohammed	Müller	
fl:priya_ln:gupta-00126	Priya	Gupta	1
fl:emma_ln:dupont-00127	Emma	Dupont	
fl:pierre_ln:chen-00128	Pierre	Chen	
fl:natasha_ln:ali-00129	Natasha	Ali	1
fl:ivan_ln:gupta-00130	Ivan	Gupta	
fl:rajesh_ln:müller-00131	Rajesh	Müller	0
fl:wei_ln:suzuki-00132	Wei	Suzuki	0
fl:rajesh_ln:suzuki-00133	Rajesh	Suzuki	1
fl:john_ln:patel-00134	John	Patel	0
fl:luca_ln:anderson-00135	Luca	Anderson	
fl:john_ln:petrov-00136	John	Petrov	
fl:hans_ln:patel-00137	Hans	Patel	1
fl:priya_ln:petrov-00138	Priya	Petrov	1
fl:anika_ln:taylor-00139	Anika	Taylor	
fl:luca_ln:schmidt-00140	Luca	Schmidt	1
fl:camille_ln:suzuki-00141	Camille	Suzuki	
fl:ahmed_ln:ferrari-00142	Ahmed	Ferrari	1
fl:anika_ln:sato-00143	Anika	Sato	
fl:min_ln:wilson-00144	Min	Wilson	1
fl:carlos_ln:sharma-00145	Carlos	Sharma	0
fl:giulia_ln:li-00146	Giulia	Li	1
fl:hans_ln:hassan-00147	Hans	Hassan	0
fl:greta_ln:sharma-00148	Greta	Sharma	
fl:chen_ln:park-00149	Chen	Park	0
fl:marco_ln:tanaka-00150	Marco	Tanaka	1
fl:sofia_ln:tanaka-00151	Sofia	Tanaka	0
fl:min_ln:li-00152	Min	Li	0
fl:santosh_ln:davis-00153	Santosh	Davis	
fl:noah_ln:brown-00154	Noah	Brown	0
fl:min_ln:ahmed-00155	Min	Ahmed	
fl:amelia_ln:hassan-00156	Amelia	Hassan	1
fl:santosh_ln:petrov-00157	Santosh	Petrov	1
fl:carlos_ln:wang-00158	Carlos	Wang	1
fl:mohammed_ln:ivanov-00159	Mohammed	Ivanov	0
fl:oliver_ln:ivanov-00160	Oliver	Ivanov	0
fl:natasha_ln:petrov-00161	Natasha	Petrov	1
fl:kenji_ln:davis-00162	Kenji	Davis	
fl:pierre_ln:yamamoto-00163	Pierre	Yamamoto	1
fl:olivia_ln:zhang-00164	Olivia	Zhang	
fl:john_ln:chen-00165	John	Chen	1
fl:santosh_ln:taylor-00166	Santosh	Taylor	
fl:marco_ln:anderson-00167	Marco	Anderson	0
fl:sofia_ln:garcia-00168	Sofia	Garcia	
fl:rajesh_ln:rossi-00169	Rajesh	Rossi	
fl:isabella_ln:anderson-00170	Isabella	Anderson	
fl:seo-yun_ln:gupta-00171	Seo-yun	Gupta	
fl:priya_ln:kumar-00172	Priya	Kumar	0
fl:kenji_ln:schmidt-00173	Kenji	Schmidt	0
fl:priya_ln:rodriguez-00174	Priya	Rodriguez	
fl:aisha_ln:sharma-00175	Aisha	Sharma	1
fl:min_ln:ahmed-00176	Min	Ahmed	
fl:greta_ln:zhang-00177	Greta	Zhang	
fl:greta_ln:yamamoto-00178	Greta	Yamamoto	
fl:ivan_ln:khan-00179	Ivan	Khan	1
fl:hiroshi_ln:ferrari-00180	Hiroshi	Ferrari	1
fl:aisha_ln:kumar-00181	Aisha	Kumar	0
fl:anika_ln:müller-00182	Anika	Müller	
fl:natasha_ln:anderson-00183	Natasha	Anderson	1
fl:seo-yun_ln:anderson-00184	Seo-yun	Anderson	0
fl:john_ln:smith-00185	John	Smith	
fl:liam_ln:hassan-00186	Liam	Hassan	1
fl:jin_ln:rossi-00187	Jin	Rossi	
fl:yuki_ln:tanaka-00188	Yuki	Tanaka	0
fl:santosh_ln:chen-00189	Santosh	Chen	
fl:ahmed_ln:sato-00190	Ahmed	Sato	1
fl:liu_ln:esposito-00191	Liu	Esposito	1
fl:hiroshi_ln:schmidt-00192	Hiroshi	Schmidt	0
fl:liam_ln:yamamoto-00193	Liam	Yamamoto	1
fl:sakura_ln:smith-00194	Sakura	Smith	
fl:natasha_ln:yamamoto-00195	Natasha	Yamamoto	0
fl:santosh_ln:zhang-00196	Santosh	Zhang	0
fl:amelia_ln:ahmed-00197	Amelia	Ahmed	1
fl:olivia_ln:martin-00198	Olivia	Martin	1
fl:camille_ln:petrov-00199	Camille	Petrov	1
fl:ivan_ln:petrov-00200	Ivan	Petrov	1
fl:anika_ln:miller-00201	Anika	Miller	1
fl:hiroshi_ln:tanaka-00202	Hiroshi	Tanaka	
fl:carlos_ln:patel-00203	Carlos	Patel	
fl:seo-yun_ln:kim-00204	Seo-yun	Kim	1
fl:aisha_ln:kim-00205	Aisha	Kim	1
fl:liam_ln:garcia-00206	Liam	Garcia	
fl:hans_ln:park-00207	Hans	Park	1
fl:kenji_ln:khan-00208	Kenji	Khan	0
fl:anika_ln:ferrari-00209	Anika	Ferrari	
fl:ahmed_ln:davis-00210	Ahmed	Davis	
fl:kenji_ln:wang-00211	Kenji	Wang	0
fl:olivia_ln:kumar-00212	Olivia	Kumar	1
fl:fatima_ln:li-00213	Fatima	Li	1
fl:john_ln:kumar-00214	John	Kumar	1
fl:santosh_ln:schmidt-00215	Santosh	Schmidt	1
fl:natasha_ln:müller-00216	Natasha	Müller	
fl:liam_ln:kim-00217	Liam	Kim	0
fl:anika_ln:dupont-00218	Anika	Dupont	0
fl:jin_ln:sato-00219	Jin	Sato	
fl:jin_ln:sharma-00220	Jin	Sharma	1
fl:wei_ln:suzuki-00221	Wei	Suzuki	1
fl:fatima_ln:smith-00222	Fatima	Smith	
fl:olivia_ln:suzuki-00223	Olivia	Suzuki	0
fl:isabella_ln:schmidt-00224	Isabella	Schmidt	0
fl:santosh_ln:miller-00225	Santosh	Miller	0
fl:hiroshi_ln:suzuki-00226	Hiroshi	Suzuki	1
fl:noah_ln:davis-00227	Noah	Davis	
fl:emma_ln:miller-00228	Emma	Miller	1
fl:pierre_ln:sharma-00229	Pierre	Sharma	1
fl:anika_ln:yamamoto-00230	Anika	Yamamoto	0
fl:olivia_ln:wilson-00231	Olivia	Wilson	1
fl:sakura_ln:rodriguez-00232	Sakura	Rodriguez	1
fl:santosh_ln:martin-00233	Santosh	Martin	0
fl:noah_ln:patel-00234	Noah	Patel	0
fl:mohammed_ln:ferrari-00235	Mohammed	Ferrari	0
fl:giulia_ln:rossi-00236	Giulia	Rossi	0
fl:hiroshi_ln:brown-00237	Hiroshi	Brown	0
fl:isabella_ln:esposito-00238	Isabella	Esposito	
fl:carlos_ln:kumar-00239	Carlos	Kumar	
fl:liam_ln:schmidt-00240	Liam	Schmidt	0
fl:isabella_ln:wilson-00241	Isabella	Wilson	1
fl:seo-yun_ln:johnson-00242	Seo-yun	Johnson	
fl:wei_ln:brown-00243	Wei	Brown	0
fl:liu_ln:patel-00244	Liu	Patel	1
fl:alice_ln:rossi-00245	Alice	Rossi	0
fl:oliver_ln:esposito-00246	Oliver	Esposito	
fl:emma_ln:garcia-00247	Emma	Garcia	
fl:marco_ln:müller-00248	Marco	Müller	0
fl:fatima_ln:taylor-00249	Fatima	Taylor	1
fl:alice_ln:hassan-00250	Alice	Hassan	
fl:marco_ln:ivanov-00251	Marco	Ivanov	0
fl:pierre_ln:ahmed-00252	Pierre	Ahmed	
fl:ahmed_ln:ahmed-00253	Ahmed	Ahmed	1
fl:aisha_ln:patel-00254	Aisha	Patel	1
fl:pierre_ln:rossi-00255	Pierre	Rossi	
fl:mohammed_ln:ivanov-00256	Mohammed	Ivanov	1
fl:john_ln:smith-00257	John	Smith	1
fl:fatima_ln:müller-00258	Fatima	Müller	0
fl:ahmed_ln:smith-00259	Ahmed	Smith	0
fl:min_ln:smith-00260	Min	Smith	
fl:liu_ln:johnson-00261	Liu	Johnson	0
fl:amelia_ln:tanaka-00262	Amelia	Tanaka	
fl:olivia_ln:suzuki-00263	Olivia	Suzuki	0
fl:john_ln:sharma-00264	John	Sharma	
fl:giulia_ln:khan-00265	Giulia	Khan	1
fl:ivan_ln:ivanov-00266	Ivan	Ivanov	
fl:santosh_ln:chen-00267	Santosh	Chen	
fl:jin_ln:khan-00268	Jin	Khan	1
fl:kenji_ln:wang-00269	Kenji	Wang	1
fl:camille_ln:smith-00270	Camille	Smith	1
fl:ivan_ln:ahmed-00271	Ivan	Ahmed	
fl:amelia_ln:davis-00272	Amelia	Davis	1
fl:greta_ln:dupont-00273	Greta	Dupont	0
fl:rajesh_ln:chen-00274	Rajesh	Chen	
fl:amelia_ln:ali-00275	Amelia	Ali	1
fl:yuki_ln:ahmed-00276	Yuki	Ahmed	1
fl:amelia_ln:ivanov-00277	Amelia	Ivanov	1
fl:olivia_ln:li-00278	Olivia	Li	0
fl:jin_ln:kumar-00279	Jin	Kumar	0
fl:natasha_ln:taylor-00280	Natasha	Taylor	1
fl:min_ln:yamamoto-00281	Min	Yamamoto	1
fl:priya_ln:wang-00282	Priya	Wang	1
fl:noah_ln:rodriguez-00283	Noah	Rodriguez	0
fl:yuki_ln:dupont-00284	Yuki	Dupont	0
fl:ivan_ln:garcia-00285	Ivan	Garcia	1
fl:rajesh_ln:patel-00286	Rajesh	Patel	
fl:fatima_ln:miller-00287	Fatima	Miller	0
fl:marco_ln:wilson-00288	Marco	Wilson	1
fl:camille_ln:johnson-00289	Camille	Johnson	
fl:greta_ln:ali-00290	Greta	Ali	
fl:john_ln:conti-00291	John	Conti	1
fl:giulia_ln:wilson-00292	Giulia	Wilson	1
fl:seo-yun_ln:conti-00293	Seo-yun	Conti	
fl:carlos_ln:sato-00294	Carlos	Sato	1
fl:wei_ln:garcia-00295	Wei	Garcia	1
fl:isabella_ln:wilson-00296	Isabella	Wilson	0
fl:chen_ln:patel-00297	Chen	Patel	1
fl:anika_ln:chen-00298	Anika	Chen	
fl:liam_ln:petrov-00299	Liam	Petrov	
fl:sofia_ln:wang-00300	Sofia	Wang	0
fl:alice_ln:tanaka-00301	Alice	Tanaka	0
fl:yuki_ln:gupta-00302	Yuki	Gupta	
fl:greta_ln:rodriguez-00303	Greta	Rodriguez	
fl:hiroshi_ln:ali-00304	Hiroshi	Ali	1
fl:emma_ln:brown-00305	Emma	Brown	
fl:rajesh_ln:zhang-00306	Rajesh	Zhang	1
fl:hans_ln:gupta-00307	Hans	Gupta	0
fl:wei_ln:davis-00308	Wei	Davis	1
fl:noah_ln:suzuki-00309	Noah	Suzuki	1
fl:john_ln:martin-00310	John	Martin	0
fl:carlos_ln:taylor-00311	Carlos	Taylor	
fl:liam_ln:gupta-00312	Liam	Gupta	0
fl:luca_ln:garcia-00313	Luca	Garcia	1
fl:chen_ln:conti-00314	Chen	Conti	0
fl:olivia_ln:schmidt-00315	Olivia	Schmidt	1
fl:anika_ln:park-00316	Anika	Park	0
fl:anika_ln:ali-00317	Anika	Ali	
fl:rajesh_ln:wang-00318	Rajesh	Wang	1
fl:luca_ln:hassan-00319	Luca	Hassan	1
fl:natasha_ln:gupta-00320	Natasha	Gupta	0
fl:luca_ln:suzuki-00321	Luca	Suzuki	0
fl:olivia_ln:khan-00322	Olivia	Khan	0
fl:liu_ln:sharma-00323	Liu	Sharma	
fl:sofia_ln:rodriguez-00324	Sofia	Rodriguez	1
fl:emma_ln:martin-00325	Emma	Martin	
fl:jin_ln:schmidt-00326	Jin	Schmidt	0
fl:emma_ln:zhang-00327	Emma	Zhang	
fl:olivia_ln:kim-00328	Olivia	Kim	1
fl:chen_ln:rossi-00329	Chen	Rossi	1
fl:wei_ln:garcia-00330	Wei	Garcia	1
fl:ivan_ln:petrov-00331	Ivan	Petrov	
fl:anika_ln:sato-00332	Anika	Sato	1
fl:alice_ln:rossi-00333	Alice	Rossi	1
fl:luca_ln:kim-00334	Luca	Kim	1
fl:sofia_ln:suzuki-00335	Sofia	Suzuki	0
fl:rajesh_ln:johnson-00336	Rajesh	Johnson	
fl:ahmed_ln:kim-00337	Ahmed	Kim	0
fl:isabella_ln:rossi-00338	Isabella	Rossi	
fl:isabella_ln:li-00339	Isabella	Li	0
fl:chen_ln:ivanov-00340	Chen	Ivanov	1
fl:mohammed_ln:martin-00341	Mohammed	Martin	0
fl:oliver_ln:sato-00342	Oliver	Sato	1
fl:liu_ln:anderson-00343	Liu	Anderson	
fl:luca_ln:park-00344	Luca	Park	1
fl:marco_ln:yamamoto-00345	Marco	Yamamoto	
fl:rajesh_ln:conti-00346	Rajesh	Conti	0
fl:min_ln:schmidt-00347	Min	Schmidt	
fl:giulia_ln:yamamoto-00348	Giulia	Yamamoto	1
fl:ivan_ln:khan-00349	Ivan	Khan	
fl:min_ln:suzuki-00350	Min	Suzuki	0
fl:hans_ln:kim-00351	Hans	Kim	
fl:amelia_ln:anderson-00352	Amelia	Anderson	1
fl:greta_ln:schmidt-00353	Greta	Schmidt	
fl:luca_ln:taylor-00354	Luca	Taylor	
fl:min_ln:johnson-00355	Min	Johnson	0
fl:oliver_ln:garcia-00356	Oliver	Garcia	0
fl:min_ln:petrov-00357	Min	Petrov	0
fl:olivia_ln:rossi-00358	Olivia	Rossi	
fl:rajesh_ln:khan-00359	Rajesh	Khan	
fl:noah_ln:wilson-00360	Noah	Wilson	
fl:mohammed_ln:johnson-00361	Mohammed	Johnson	1
fl:hiroshi_ln:li-00362	Hiroshi	Li	
fl:aisha_ln:brown-00363	Aisha	Brown	0
fl:giulia_ln:khan-00364	Giulia	Khan	
fl:luca_ln:hassan-00365	Luca	Hassan	
fl:olivia_ln:chen-00366	Olivia	Chen	
fl:sofia_ln:martin-00367	Sofia	Martin	
fl:jin_ln:anderson-00368	Jin	Anderson	1
fl:olivia_ln:zhang-00369	Olivia	Zhang	0
fl:giulia_ln:patel-00370	Giulia	Patel	0
fl:jin_ln:zhang-00371	Jin	Zhang	1
fl:min_ln:wilson-00372	Min	Wilson	0
fl:aisha_ln:ali-00373	Aisha	Ali	0
fl:priya_ln:dupont-00374	Priya	Dupont	
fl:natasha_ln:hassan-00375	Natasha	Hassan	0
fl:wei_ln:taylor-00376	Wei	Taylor	1
fl:alice_ln:petrov-00377	Alice	Petrov	1
fl:liu_ln:sharma-00378	Liu	Sharma	1
fl:noah_ln:miller-00379	Noah	Miller	
fl:fatima_ln:davis-00380	Fatima	Davis	
fl:emma_ln:kumar-00381	Emma	Kumar	0
fl:camille_ln:gupta-00382	Camille	Gupta	1
fl:mohammed_ln:brown-00383	Mohammed	Brown	1
fl:min_ln:müller-00384	Min	Müller	
fl:liu_ln:davis-00385	Liu	Davis	0
fl:luca_ln:sato-00386	Luca	Sato	1
fl:john_ln:li-00387	John	Li	0
fl:oliver_ln:kim-00388	Oliver	Kim	
fl:santosh_ln:suzuki-00389	Santosh	Suzuki	
fl:carlos_ln:tanaka-00390	Carlos	Tanaka	0
fl:wei_ln:gupta-00391	Wei	Gupta	
fl:pierre_ln:wang-00392	Pierre	Wang	
fl:aisha_ln:li-00393	Aisha	Li	1
fl:luca_ln:wang-00394	Luca	Wang	
fl:ivan_ln:rodriguez-00395	Ivan	Rodriguez	
fl:priya_ln:li-00396	Priya	Li	0
fl:santosh_ln:hassan-00397	Santosh	Hassan	1
fl:sakura_ln:brown-00398	Sakura	Brown	
fl:alice_ln:taylor-00399	Alice	Taylor	
fl:ahmed_ln:tanaka-00400	Ahmed	Tanaka	0
fl:ahmed_ln:gupta-00401	Ahmed	Gupta	0
fl:natasha_ln:gupta-00402	Natasha	Gupta	1
fl:marco_ln:conti-00403	Marco	Conti	
fl:marco_ln:conti-00404	Marco	Conti	
fl:aisha_ln:rossi-00405	Aisha	Rossi	1
fl:anika_ln:li-00406	Anika	Li	
fl:luca_ln:anderson-00407	Luca	Anderson	
fl:natasha_ln:dupont-00408	Natasha	Dupont	1
fl:oliver_ln:hassan-00409	Oliver	Hassan	
fl:natasha_ln:zhang-00410	Natasha	Zhang	
fl:kenji_ln:ali-00411	Kenji	Ali	1
fl:luca_ln:yamamoto-00412	Luca	Yamamoto	0
fl:santosh_ln:yamamoto-00413	Santosh	Yamamoto	0
fl:sakura_ln:wang-00414	Sakura	Wang	1
fl:min_ln:sharma-00415	Min	Sharma	
fl:priya_ln:yamamoto-00416	Priya	Yamamoto	0
fl:kenji_ln:miller-00417	Kenji	Miller	
fl:aisha_ln:brown-00418	Aisha	Brown	
fl:john_ln:suzuki-00419	John	Suzuki	
fl:sofia_ln:khan-00420	Sofia	Khan	0
fl:oliver_ln:li-00421	Oliver	Li	
fl:noah_ln:taylor-00422	Noah	Taylor	
fl:john_ln:smith-00423	John	Smith	0
fl:liu_ln:brown-00424	Liu	Brown	1
fl:kenji_ln:zhang-00425	Kenji	Zhang	0
fl:kenji_ln:li-00426	Kenji	Li	0
fl:fatima_ln:ferrari-00427	Fatima	Ferrari	
fl:sofia_ln:ferrari-00428	Sofia	Ferrari	1
fl:min_ln:hassan-00429	Min	Hassan	0
fl:priya_ln:ahmed-00430	Priya	Ahmed	0
fl:hans_ln:zhang-00431	Hans	Zhang	0
fl:liu_ln:wang-00432	Liu	Wang	1
fl:jin_ln:wang-00433	Jin	Wang	1
fl:yuki_ln:park-00434	Yuki	Park	
fl:liam_ln:rodriguez-00435	Liam	Rodriguez	
fl:alice_ln:gupta-00436	Alice	Gupta	0
fl:pierre_ln:wilson-00437	Pierre	Wilson	0
fl:luca_ln:dupont-00438	Luca	Dupont	
fl:luca_ln:miller-00439	Luca	Miller	
fl:marco_ln:kumar-00440	Marco	Kumar	
fl:alice_ln:wang-00441	Alice	Wang	
fl:jin_ln:martin-00442	Jin	Martin	0
fl:chen_ln:rossi-00443	Chen	Rossi	1
fl:anika_ln:khan-00444	Anika	Khan	1
fl:liam_ln:davis-00445	Liam	Davis	
fl:camille_ln:rodriguez-00446	Camille	Rodriguez	0
fl:greta_ln:yamamoto-00447	Greta	Yamamoto	0
fl:priya_ln:khan-00448	Priya	Khan	1
fl:oliver_ln:yamamoto-00449	Oliver	Yamamoto	1
fl:alice_ln:li-00450	Alice	Li	1
fl:giulia_ln:rodriguez-00451	Giulia	Rodriguez	1
fl:seo-yun_ln:müller-00452	Seo-yun	Müller	0
fl:luca_ln:gupta-00453	Luca	Gupta	0
fl:aisha_ln:martin-00454	Aisha	Martin	0
fl:hans_ln:gupta-00455	Hans	Gupta	0
fl:liam_ln:smith-00456	Liam	Smith	
fl:olivia_ln:ahmed-00457	Olivia	Ahmed	
fl:chen_ln:petrov-00458	Chen	Petrov	
fl:kenji_ln:zhang-00459	Kenji	Zhang	
fl:aisha_ln:johnson-00460	Aisha	Johnson	
fl:greta_ln:brown-00461	Greta	Brown	1
fl:alice_ln:hassan-00462	Alice	Hassan	1
fl:mohammed_ln:kim-00463	Mohammed	Kim	
fl:sofia_ln:wang-00464	Sofia	Wang	
fl:mohammed_ln:davis-00465	Mohammed	Davis	0
fl:anika_ln:park-00466	Anika	Park	0
fl:camille_ln:martin-00467	Camille	Martin	
fl:liu_ln:kim-00468	Liu	Kim	1
fl:aisha_ln:anderson-00469	Aisha	Anderson	1
fl:greta_ln:brown-00470	Greta	Brown	0
fl:ahmed_ln:rossi-00471	Ahmed	Rossi	1
fl:sakura_ln:brown-00472	Sakura	Brown	
fl:hans_ln:tanaka-00473	Hans	Tanaka	1
fl:greta_ln:tanaka-00474	Greta	Tanaka	0
fl:kenji_ln:brown-00475	Kenji	Brown	1
fl:pierre_ln:sharma-00476	Pierre	Sharma	0
fl:ivan_ln:müller-00477	Ivan	Müller	1
fl:liam_ln:schmidt-00478	Liam	Schmidt	
fl:wei_ln:zhang-00479	Wei	Zhang	1
fl:priya_ln:khan-00480	Priya	Khan	1
fl:noah_ln:garcia-00481	Noah	Garcia	0
fl:emma_ln:sato-00482	Emma	Sato	1
fl:min_ln:sharma-00483	Min	Sharma	
fl:fatima_ln:park-00484	Fatima	Park	
fl:kenji_ln:wilson-00485	Kenji	Wilson	0
fl:amelia_ln:khan-00486	Amelia	Khan	
fl:mohammed_ln:hassan-00487	Mohammed	Hassan	1
fl:priya_ln:petrov-00488	Priya	Petrov	0
fl:marco_ln:müller-00489	Marco	Müller	
fl:pierre_ln:conti-00490	Pierre	Conti	0
fl:luca_ln:park-00491	Luca	Park	1
fl:camille_ln:zhang-00492	Camille	Zhang	0
fl:ivan_ln:park-00493	Ivan	Park	0
fl:isabella_ln:johnson-00494	Isabella	Johnson	1
fl:priya_ln:smith-00495	Priya	Smith	
fl:greta_ln:ivanov-00496	Greta	Ivanov	
fl:chen_ln:zhang-00497	Chen	Zhang	0
fl:kenji_ln:johnson-00498	Kenji	Johnson	0
fl:amelia_ln:miller-00499	Amelia	Miller	
fl:wei_ln:ali-00500	Wei	Ali	
fl:yuki_ln:tanaka-00501	Yuki	Tanaka	
fl:hiroshi_ln:patel-00502	Hiroshi	Patel	
fl:jin_ln:schmidt-00503	Jin	Schmidt	
fl:hans_ln:ahmed-00504	Hans	Ahmed	0
fl:camille_ln:johnson-00505	Camille	Johnson	1
fl:sakura_ln:dupont-00506	Sakura	Dupont	0
fl:chen_ln:ali-00507	Chen	Ali	
fl:aisha_ln:rodriguez-00508	Aisha	Rodriguez	1
fl:priya_ln:rossi-00509	Priya	Rossi	
fl:seo-yun_ln:gupta-00510	Seo-yun	Gupta	0
fl:amelia_ln:martin-00511	Amelia	Martin	
fl:kenji_ln:martin-00512	Kenji	Martin	0
fl:ivan_ln:rodriguez-00513	Ivan	Rodriguez	0
fl:pierre_ln:wilson-00514	Pierre	Wilson	0
fl:isabella_ln:hassan-00515	Isabella	Hassan	
fl:sofia_ln:davis-00516	Sofia	Davis	0
fl:amelia_ln:kumar-00517	Amelia	Kumar	0
fl:fatima_ln:martin-00518	Fatima	Martin	0
fl:santosh_ln:garcia-00519	Santosh	Garcia	0
fl:carlos_ln:johnson-00520	Carlos	Johnson	0
fl:anika_ln:sato-00521	Anika	Sato	0
fl:sofia_ln:garcia-00522	Sofia	Garcia	0
fl:fatima_ln:petrov-00523	Fatima	Petrov	1
fl:sakura_ln:rossi-00524	Sakura	Rossi	0
fl:giulia_ln:davis-00525	Giulia	Davis	1
fl:amelia_ln:taylor-00526	Amelia	Taylor	
fl:alice_ln:ali-00527	Alice	Ali	
fl:wei_ln:patel-00528	Wei	Patel	0
fl:pierre_ln:davis-00529	Pierre	Davis	1
fl:ivan_ln:patel-00530	Ivan	Patel	1
fl:sakura_ln:hassan-00531	Sakura	Hassan	0
fl:olivia_ln:ahmed-00532	Olivia	Ahmed	
fl:isabella_ln:kumar-00533	Isabella	Kumar	0
fl:greta_ln:sato-00534	Greta	Sato	
fl:marco_ln:park-00535	Marco	Park	1
fl:santosh_ln:yamamoto-00536	Santosh	Yamamoto	0
fl:liu_ln:patel-00537	Liu	Patel	1
fl:hiroshi_ln:park-00538	Hiroshi	Park	1
fl:ivan_ln:ferrari-00539	Ivan	Ferrari	0
fl:liu_ln:park-00540	Liu	Park	
fl:min_ln:kumar-00541	Min	Kumar	
fl:santosh_ln:conti-00542	Santosh	Conti	
fl:wei_ln:gupta-00543	Wei	Gupta	
fl:alice_ln:chen-00544	Alice	Chen	0
fl:sakura_ln:suzuki-00545	Sakura	Suzuki	1
fl:priya_ln:wang-00546	Priya	Wang	0
fl:seo-yun_ln:davis-00547	Seo-yun	Davis	
fl:rajesh_ln:wang-00548	Rajesh	Wang	
fl:ahmed_ln:tanaka-00549	Ahmed	Tanaka	0
fl:santosh_ln:ahmed-00550	Santosh	Ahmed	0
fl:mohammed_ln:yamamoto-00551	Mohammed	Yamamoto	0
fl:anika_ln:rodriguez-00552	Anika	Rodriguez	
fl:aisha_ln:davis-00553	Aisha	Davis	
fl:santosh_ln:tanaka-00554	Santosh	Tanaka	
fl:ivan_ln:ali-00555	Ivan	Ali	
fl:liam_ln:dupont-00556	Liam	Dupont	1
fl:natasha_ln:smith-00557	Natasha	Smith	0
fl:pierre_ln:ahmed-00558	Pierre	Ahmed	0
fl:isabella_ln:suzuki-00559	Isabella	Suzuki	
fl:hiroshi_ln:johnson-00560	Hiroshi	Johnson	
fl:sofia_ln:esposito-00561	Sofia	Esposito	1
fl:carlos_ln:garcia-00562	Carlos	Garcia	
fl:giulia_ln:garcia-00563	Giulia	Garcia	0
fl:john_ln:anderson-00564	John	Anderson	1
fl:kenji_ln:conti-00565	Kenji	Conti	1
fl:seo-yun_ln:conti-00566	Seo-yun	Conti	
fl:olivia_ln:dupont-00567	Olivia	Dupont	0
fl:sakura_ln:tanaka-00568	Sakura	Tanaka	
fl:ivan_ln:tanaka-00569	Ivan	Tanaka	
fl:hiroshi_ln:khan-00570	Hiroshi	Khan	
fl:min_ln:ali-00571	Min	Ali	1
fl:ahmed_ln:rodriguez-00572	Ahmed	Rodriguez	1
fl:ahmed_ln:esposito-00573	Ahmed	Esposito	1
fl:fatima_ln:khan-00574	Fatima	Khan	0
fl:rajesh_ln:müller-00575	Rajesh	Müller	
fl:aisha_ln:kim-00576	Aisha	Kim	0
fl:olivia_ln:miller-00577	Olivia	Miller	
fl:amelia_ln:sharma-00578	Amelia	Sharma	1
fl:oliver_ln:rossi-00579	Oliver	Rossi	0
fl:kenji_ln:petrov-00580	Kenji	Petrov	0
fl:mohammed_ln:schmidt-00581	Mohammed	Schmidt	0
fl:olivia_ln:müller-00582	Olivia	Müller	
fl:isabella_ln:ali-00583	Isabella	Ali	1
fl:liu_ln:li-00584	Liu	Li	1
fl:liam_ln:kumar-00585	Liam	Kumar	1
fl:carlos_ln:esposito-00586	Carlos	Esposito	0
fl:wei_ln:petrov-00587	Wei	Petrov	0
fl:oliver_ln:rodriguez-00588	Oliver	Rodriguez	1
fl:oliver_ln:yamamoto-00589	Oliver	Yamamoto	0
fl:rajesh_ln:esposito-00590	Rajesh	Esposito	1
fl:camille_ln:wang-00591	Camille	Wang	1
fl:sakura_ln:schmidt-00592	Sakura	Schmidt	0
fl:sofia_ln:miller-00593	Sofia	Miller	
fl:priya_ln:esposito-00594	Priya	Esposito	0
fl:giulia_ln:miller-00595	Giulia	Miller	1
fl:greta_ln:wilson-00596	Greta	Wilson	1
fl:santosh_ln:kumar-00597	Santosh	Kumar	0
fl:yuki_ln:wilson-00598	Yuki	Wilson	1
fl:liu_ln:wilson-00599	Liu	Wilson	1
fl:sakura_ln:suzuki-00600	Sakura	Suzuki	1
fl:hans_ln:khan-00601	Hans	Khan	1
fl:seo-yun_ln:miller-00602	Seo-yun	Miller	1
fl:isabella_ln:petrov-00603	Isabella	Petrov	
fl:greta_ln:müller-00604	Greta	Müller	
fl:greta_ln:müller-00605	Greta	Müller	
fl:jin_ln:ferrari-00606	Jin	Ferrari	0
fl:amelia_ln:taylor-00607	Amelia	Taylor	
fl:fatima_ln:brown-00608	Fatima	Brown	0
fl:sofia_ln:tanaka-00609	Sofia	Tanaka	
fl:pierre_ln:garcia-00610	Pierre	Garcia	0
fl:sakura_ln:hassan-00611	Sakura	Hassan	1
fl:olivia_ln:smith-00612	Olivia	Smith	0
fl:rajesh_ln:li-00613	Rajesh	Li	1
fl:mohammed_ln:park-00614	Mohammed	Park	0
fl:olivia_ln:ahmed-00615	Olivia	Ahmed	1
fl:hiroshi_ln:zhang-00616	Hiroshi	Zhang	1
fl:carlos_ln:tanaka-00617	Carlos	Tanaka	
fl:rajesh_ln:brown-00618	Rajesh	Brown	
fl:aisha_ln:park-00619	Aisha	Park	0
fl:noah_ln:sato-00620	Noah	Sato	1
fl:yuki_ln:khan-00621	Yuki	Khan	1
fl:natasha_ln:miller-00622	Natasha	Miller	1
fl:pierre_ln:conti-00623	Pierre	Conti	0
fl:amelia_ln:smith-00624	Amelia	Smith	1
fl:min_ln:park-00625	Min	Park	
fl:ivan_ln:wilson-00626	Ivan	Wilson	0
fl:priya_ln:schmidt-00627	Priya	Schmidt	
fl:sakura_ln:ahmed-00628	Sakura	Ahmed	1
fl:chen_ln:patel-00629	Chen	Patel	
fl:luca_ln:davis-00630	Luca	Davis	1
fl:ahmed_ln:rossi-00631	Ahmed	Rossi	0
fl:hans_ln:hassan-00632	Hans	Hassan	0
fl:santosh_ln:garcia-00633	Santosh	Garcia	
fl:john_ln:tanaka-00634	John	Tanaka	1
fl:greta_ln:suzuki-00635	Greta	Suzuki	0
fl:isabella_ln:ivanov-00636	Isabella	Ivanov	0
fl:jin_ln:rodriguez-00637	Jin	Rodriguez	1
fl:sofia_ln:yamamoto-00638	Sofia	Yamamoto	0
fl:hiroshi_ln:hassan-00639	Hiroshi	Hassan	1
fl:ivan_ln:ahmed-00640	Ivan	Ahmed	
fl:alice_ln:smith-00641	Alice	Smith	0
fl:seo-yun_ln:garcia-00642	Seo-yun	Garcia	1
fl:ahmed_ln:tanaka-00643	Ahmed	Tanaka	0
fl:priya_ln:dupont-00644	Priya	Dupont	0
fl:alice_ln:brown-00645	Alice	Brown	
fl:seo-yun_ln:dupont-00646	Seo-yun	Dupont	1
fl:liam_ln:martin-00647	Liam	Martin	1
fl:ivan_ln:ivanov-00648	Ivan	Ivanov	
fl:camille_ln:wang-00649	Camille	Wang	
fl:kenji_ln:smith-00650	Kenji	Smith	
fl:carlos_ln:sato-00651	Carlos	Sato	
fl:john_ln:garcia-00652	John	Garcia	1
fl:liam_ln:rodriguez-00653	Liam	Rodriguez	0
fl:yuki_ln:smith-00654	Yuki	Smith	1
fl:liam_ln:patel-00655	Liam	Patel	0
fl:camille_ln:anderson-00656	Camille	Anderson	1
fl:aisha_ln:anderson-00657	Aisha	Anderson	0
fl:pierre_ln:park-00658	Pierre	Park	1
fl:chen_ln:gupta-00659	Chen	Gupta	1
fl:ahmed_ln:conti-00660	Ahmed	Conti	1
fl:luca_ln:taylor-00661	Luca	Taylor	1
fl:camille_ln:tanaka-00662	Camille	Tanaka	
fl:hiroshi_ln:sharma-00663	Hiroshi	Sharma	
fl:marco_ln:sharma-00664	Marco	Sharma	
fl:kenji_ln:ivanov-00665	Kenji	Ivanov	1
fl:camille_ln:gupta-00666	Camille	Gupta	0
fl:marco_ln:miller-00667	Marco	Miller	1
fl:olivia_ln:li-00668	Olivia	Li	
fl:hiroshi_ln:conti-00669	Hiroshi	Conti	1
fl:santosh_ln:khan-00670	Santosh	Khan	0
fl:sakura_ln:petrov-00671	Sakura	Petrov	0
fl:camille_ln:khan-00672	Camille	Khan	1
fl:sakura_ln:davis-00673	Sakura	Davis	
fl:rajesh_ln:zhang-00674	Rajesh	Zhang	
fl:amelia_ln:brown-00675	Amelia	Brown	0
fl:min_ln:anderson-00676	Min	Anderson	1
fl:olivia_ln:patel-00677	Olivia	Patel	
fl:alice_ln:garcia-00678	Alice	Garcia	
fl:wei_ln:miller-00679	Wei	Miller	1
fl:fatima_ln:taylor-00680	Fatima	Taylor	
fl:oliver_ln:ahmed-00681	Oliver	Ahmed	1
fl:priya_ln:zhang-00682	Priya	Zhang	1
fl:olivia_ln:smith-00683	Olivia	Smith	0
fl:chen_ln:zhang-00684	Chen	Zhang	
fl:emma_ln:kumar-00685	Emma	Kumar	1
fl:priya_ln:ferrari-00686	Priya	Ferrari	
fl:kenji_ln:zhang-00687	Kenji	Zhang	1
fl:amelia_ln:martin-00688	Amelia	Martin	1
fl:carlos_ln:sato-00689	Carlos	Sato	0
fl:wei_ln:hassan-00690	Wei	Hassan	1
fl:olivia_ln:hassan-00691	Olivia	Hassan	0
fl:ahmed_ln:patel-00692	Ahmed	Patel	0
fl:mohammed_ln:dupont-00693	Mohammed	Dupont	1
fl:hiroshi_ln:johnson-00694	Hiroshi	Johnson	1
fl:santosh_ln:petrov-00695	Santosh	Petrov	0
fl:seo-yun_ln:anderson-00696	Seo-yun	Anderson	0
fl:ivan_ln:sato-00697	Ivan	Sato	
fl:hans_ln:li-00698	Hans	Li	
fl:yuki_ln:smith-00699	Yuki	Smith	1
fl:mohammed_ln:davis-00700	Mohammed	Davis	0
fl:wei_ln:martin-00701	Wei	Martin	
fl:sofia_ln:müller-00702	Sofia	Müller	1
fl:liu_ln:davis-00703	Liu	Davis	
fl:natasha_ln:wang-00704	Natasha	Wang	
fl:ivan_ln:hassan-00705	Ivan	Hassan	
fl:pierre_ln:wang-00706	Pierre	Wang	
fl:hiroshi_ln:müller-00707	Hiroshi	Müller	0
fl:camille_ln:müller-00708	Camille	Müller	0
fl:ahmed_ln:esposito-00709	Ahmed	Esposito	0
fl:luca_ln:petrov-00710	Luca	Petrov	
fl:mohammed_ln:anderson-00711	Mohammed	Anderson	0
fl:natasha_ln:li-00712	Natasha	Li	
fl:ivan_ln:park-00713	Ivan	Park	1
fl:isabella_ln:tanaka-00714	Isabella	Tanaka	
fl:ivan_ln:wang-00715	Ivan	Wang	
fl:mohammed_ln:kumar-00716	Mohammed	Kumar	
fl:greta_ln:ivanov-00717	Greta	Ivanov	0
fl:priya_ln:garcia-00718	Priya	Garcia	
fl:fatima_ln:rodriguez-00719	Fatima	Rodriguez	0
fl:natasha_ln:patel-00720	Natasha	Patel	
fl:ivan_ln:ivanov-00721	Ivan	Ivanov	
fl:ivan_ln:wang-00722	Ivan	Wang	
fl:santosh_ln:patel-00723	Santosh	Patel	1
fl:sakura_ln:wang-00724	Sakura	Wang	1
fl:marco_ln:wilson-00725	Marco	Wilson	0
fl:seo-yun_ln:garcia-00726	Seo-yun	Garcia	
fl:seo-yun_ln:li-00727	Seo-yun	Li	0
fl:min_ln:tanaka-00728	Min	Tanaka	1
fl:natasha_ln:rodriguez-00729	Natasha	Rodriguez	0
fl:giulia_ln:suzuki-00730	Giulia	Suzuki	1
fl:rajesh_ln:smith-00731	Rajesh	Smith	0
fl:noah_ln:dupont-00732	Noah	Dupont	1
fl:anika_ln:ali-00733	Anika	Ali	
fl:greta_ln:zhang-00734	Greta	Zhang	1
fl:ivan_ln:anderson-00735	Ivan	Anderson	0
fl:isabella_ln:conti-00736	Isabella	Conti	0
fl:santosh_ln:conti-00737	Santosh	Conti	0
fl:min_ln:sato-00738	Min	Sato	
fl:ahmed_ln:suzuki-00739	Ahmed	Suzuki	
fl:isabella_ln:esposito-00740	Isabella	Esposito	1
fl:olivia_ln:garcia-00741	Olivia	Garcia	1
fl:ahmed_ln:sharma-00742	Ahmed	Sharma	1
fl:noah_ln:anderson-00743	Noah	Anderson	0
fl:wei_ln:li-00744	Wei	Li	0
fl:ivan_ln:schmidt-00745	Ivan	Schmidt	0
fl:aisha_ln:petrov-00746	Aisha	Petrov	1
fl:sofia_ln:johnson-00747	Sofia	Johnson	
fl:hans_ln:ivanov-00748	Hans	Ivanov	0
fl:natasha_ln:rodriguez-00749	Natasha	Rodriguez	1
fl:mohammed_ln:anderson-00750	Mohammed	Anderson	0
fl:kenji_ln:tanaka-00751	Kenji	Tanaka	0
fl:liam_ln:brown-00752	Liam	Brown	0
fl:hiroshi_ln:park-00753	Hiroshi	Park	1
fl:ahmed_ln:martin-00754	Ahmed	Martin	
fl:carlos_ln:anderson-00755	Carlos	Anderson	
fl:luca_ln:ahmed-00756	Luca	Ahmed	0
fl:liu_ln:miller-00757	Liu	Miller	0
fl:sofia_ln:garcia-00758	Sofia	Garcia	
fl:wei_ln:brown-00759	Wei	Brown	
fl:amelia_ln:dupont-00760	Amelia	Dupont	
fl:yuki_ln:conti-00761	Yuki	Conti	1
fl:giulia_ln:müller-00762	Giulia	Müller	0
fl:camille_ln:davis-00763	Camille	Davis	0
fl:camille_ln:ferrari-00764	Camille	Ferrari	
fl:isabella_ln:hassan-00765	Isabella	Hassan	1
fl:olivia_ln:brown-00766	Olivia	Brown	
fl:john_ln:wang-00767	John	Wang	1
fl:camille_ln:kumar-00768	Camille	Kumar	1
fl:aisha_ln:suzuki-00769	Aisha	Suzuki	
fl:amelia_ln:davis-00770	Amelia	Davis	0
fl:mohammed_ln:ali-00771	Mohammed	Ali	1
fl:priya_ln:wilson-00772	Priya	Wilson	1
fl:camille_ln:taylor-00773	Camille	Taylor	1
fl:rajesh_ln:wilson-00774	Rajesh	Wilson	0
fl:fatima_ln:suzuki-00775	Fatima	Suzuki	0
fl:marco_ln:park-00776	Marco	Park	1
fl:isabella_ln:schmidt-00777	Isabella	Schmidt	0
fl:seo-yun_ln:martin-00778	Seo-yun	Martin	0
fl:camille_ln:petrov-00779	Camille	Petrov	
fl:jin_ln:conti-00780	Jin	Conti	0
fl:priya_ln:martin-00781	Priya	Martin	1
fl:min_ln:rodriguez-00782	Min	Rodriguez	1
fl:aisha_ln:zhang-00783	Aisha	Zhang	0
fl:hiroshi_ln:yamamoto-00784	Hiroshi	Yamamoto	
fl:camille_ln:park-00785	Camille	Park	1
fl:priya_ln:zhang-00786	Priya	Zhang	0
fl:hiroshi_ln:gupta-00787	Hiroshi	Gupta	1
fl:min_ln:davis-00788	Min	Davis	1
fl:isabella_ln:khan-00789	Isabella	Khan	1
fl:liu_ln:johnson-00790	Liu	Johnson	
fl:min_ln:sato-00791	Min	Sato	
fl:camille_ln:anderson-00792	Camille	Anderson	0
fl:aisha_ln:zhang-00793	Aisha	Zhang	0
fl:camille_ln:johnson-00794	Camille	Johnson	
fl:chen_ln:patel-00795	Chen	Patel	0
fl:emma_ln:garcia-00796	Emma	Garcia	
fl:seo-yun_ln:gupta-00797	Seo-yun	Gupta	
fl:seo-yun_ln:brown-00798	Seo-yun	Brown	
fl:camille_ln:kumar-00799	Camille	Kumar	1
fl:mohammed_ln:park-00800	Mohammed	Park	0
fl:aisha_ln:suzuki-00801	Aisha	Suzuki	1
fl:olivia_ln:miller-00802	Olivia	Miller	
fl:fatima_ln:tanaka-00803	Fatima	Tanaka	0
fl:pierre_ln:dupont-00804	Pierre	Dupont	
fl:pierre_ln:ferrari-00805	Pierre	Ferrari	
fl:sakura_ln:ferrari-00806	Sakura	Ferrari	
fl:alice_ln:taylor-00807	Alice	Taylor	
fl:priya_ln:müller-00808	Priya	Müller	0
fl:amelia_ln:sharma-00809	Amelia	Sharma	1
fl:ahmed_ln:esposito-00810	Ahmed	Esposito	
fl:isabella_ln:petrov-00811	Isabella	Petrov	1
fl:luca_ln:zhang-00812	Luca	Zhang	1
fl:ivan_ln:park-00813	Ivan	Park	
fl:priya_ln:rossi-00814	Priya	Rossi	1
fl:wei_ln:conti-00815	Wei	Conti	
fl:jin_ln:rodriguez-00816	Jin	Rodriguez	
fl:seo-yun_ln:esposito-00817	Seo-yun	Esposito	0
fl:chen_ln:smith-00818	Chen	Smith	
fl:yuki_ln:ahmed-00819	Yuki	Ahmed	1
fl:sofia_ln:suzuki-00820	Sofia	Suzuki	1
fl:fatima_ln:ferrari-00821	Fatima	Ferrari	1
fl:fatima_ln:wang-00822	Fatima	Wang	
fl:sakura_ln:davis-00823	Sakura	Davis	
fl:liam_ln:esposito-00824	Liam	Esposito	
fl:sofia_ln:smith-00825	Sofia	Smith	
fl:natasha_ln:sato-00826	Natasha	Sato	
fl:greta_ln:ferrari-00827	Greta	Ferrari	
fl:rajesh_ln:esposito-00828	Rajesh	Esposito	0
fl:hans_ln:khan-00829	Hans	Khan	0
fl:fatima_ln:brown-00830	Fatima	Brown	
fl:liu_ln:suzuki-00831	Liu	Suzuki	
fl:liam_ln:zhang-00832	Liam	Zhang	0
fl:mohammed_ln:johnson-00833	Mohammed	Johnson	1
fl:hiroshi_ln:ali-00834	Hiroshi	Ali	1
fl:noah_ln:dupont-00835	Noah	Dupont	1
fl:oliver_ln:ahmed-00836	Oliver	Ahmed	
fl:emma_ln:ferrari-00837	Emma	Ferrari	
fl:isabella_ln:chen-00838	Isabella	Chen	0
fl:isabella_ln:johnson-00839	Isabella	Johnson	0
fl:alice_ln:davis-00840	Alice	Davis	
fl:olivia_ln:esposito-00841	Olivia	Esposito	1
fl:sofia_ln:khan-00842	Sofia	Khan	1
fl:carlos_ln:miller-00843	Carlos	Miller	0
fl:chen_ln:müller-00844	Chen	Müller	
fl:natasha_ln:yamamoto-00845	Natasha	Yamamoto	
fl:seo-yun_ln:park-00846	Seo-yun	Park	
fl:chen_ln:kumar-00847	Chen	Kumar	
fl:pierre_ln:kumar-00848	Pierre	Kumar	
fl:olivia_ln:ivanov-00849	Olivia	Ivanov	1
fl:camille_ln:petrov-00850	Camille	Petrov	0
fl:noah_ln:rodriguez-00851	Noah	Rodriguez	0
fl:isabella_ln:chen-00852	Isabella	Chen	
fl:anika_ln:petrov-00853	Anika	Petrov	
fl:wei_ln:ferrari-00854	Wei	Ferrari	0
fl:giulia_ln:yamamoto-00855	Giulia	Yamamoto	0
fl:oliver_ln:tanaka-00856	Oliver	Tanaka	
fl:alice_ln:kumar-00857	Alice	Kumar	0
fl:ivan_ln:kumar-00858	Ivan	Kumar	1
fl:seo-yun_ln:anderson-00859	Seo-yun	Anderson	1
fl:sakura_ln:conti-00860	Sakura	Conti	1
fl:camille_ln:wang-00861	Camille	Wang	
fl:ahmed_ln:yamamoto-00862	Ahmed	Yamamoto	
fl:liam_ln:li-00863	Liam	Li	0
fl:isabella_ln:sato-00864	Isabella	Sato	
fl:carlos_ln:zhang-00865	Carlos	Zhang	
fl:giulia_ln:yamamoto-00866	Giulia	Yamamoto	
fl:luca_ln:park-00867	Luca	Park	
fl:liu_ln:ali-00868	Liu	Ali	
fl:giulia_ln:ivanov-00869	Giulia	Ivanov	1
fl:rajesh_ln:khan-00870	Rajesh	Khan	
fl:greta_ln:wang-00871	Greta	Wang	1
fl:hans_ln:miller-00872	Hans	Miller	1
fl:mohammed_ln:davis-00873	Mohammed	Davis	1
fl:hiroshi_ln:sharma-00874	Hiroshi	Sharma	1
fl:oliver_ln:schmidt-00875	Oliver	Schmidt	0
fl:natasha_ln:zhang-00876	Natasha	Zhang	
fl:oliver_ln:kumar-00877	Oliver	Kumar	
fl:carlos_ln:anderson-00878	Carlos	Anderson	
fl:carlos_ln:khan-00879	Carlos	Khan	0
fl:yuki_ln:wilson-00880	Yuki	Wilson	0
fl:olivia_ln:kumar-00881	Olivia	Kumar	1
fl:isabella_ln:ivanov-00882	Isabella	Ivanov	1
fl:giulia_ln:ahmed-00883	Giulia	Ahmed	0
fl:fatima_ln:rodriguez-00884	Fatima	Rodriguez	0
fl:amelia_ln:anderson-00885	Amelia	Anderson	
fl:emma_ln:yamamoto-00886	Emma	Yamamoto	
fl:anika_ln:rodriguez-00887	Anika	Rodriguez	0
fl:ivan_ln:esposito-00888	Ivan	Esposito	1
fl:hans_ln:esposito-00889	Hans	Esposito	0
fl:sofia_ln:smith-00890	Sofia	Smith	0
fl:giulia_ln:garcia-00891	Giulia	Garcia	1
fl:priya_ln:garcia-00892	Priya	Garcia	0
fl:rajesh_ln:miller-00893	Rajesh	Miller	0
fl:ivan_ln:anderson-00894	Ivan	Anderson	
fl:amelia_ln:johnson-00895	Amelia	Johnson	1
fl:anika_ln:wilson-00896	Anika	Wilson	1
fl:olivia_ln:li-00897	Olivia	Li	1
fl:luca_ln:suzuki-00898	Luca	Suzuki	1
fl:luca_ln:sato-00899	Luca	Sato	0
fl:greta_ln:esposito-00900	Greta	Esposito	0
fl:rajesh_ln:ahmed-00901	Rajesh	Ahmed	
fl:greta_ln:martin-00902	Greta	Martin	0
fl:sakura_ln:anderson-00903	Sakura	Anderson	
fl:sofia_ln:miller-00904	Sofia	Miller	1
fl:wei_ln:wilson-00905	Wei	Wilson	
fl:seo-yun_ln:hassan-00906	Seo-yun	Hassan	1
fl:yuki_ln:miller-00907	Yuki	Miller	1
fl:priya_ln:dupont-00908	Priya	Dupont	1
fl:john_ln:patel-00909	John	Patel	1
fl:isabella_ln:wang-00910	Isabella	Wang	0
fl:mohammed_ln:ivanov-00911	Mohammed	Ivanov	1
fl:liam_ln:rodriguez-00912	Liam	Rodriguez	1
fl:marco_ln:brown-00913	Marco	Brown	
fl:yuki_ln:ferrari-00914	Yuki	Ferrari	
fl:camille_ln:davis-00915	Camille	Davis	1
fl:isabella_ln:schmidt-00916	Isabella	Schmidt	
fl:carlos_ln:dupont-00917	Carlos	Dupont	0
fl:fatima_ln:müller-00918	Fatima	Müller	0
fl:seo-yun_ln:ferrari-00919	Seo-yun	Ferrari	1
fl:min_ln:tanaka-00920	Min	Tanaka	1
fl:john_ln:taylor-00921	John	Taylor	1
fl:seo-yun_ln:brown-00922	Seo-yun	Brown	0
fl:olivia_ln:anderson-00923	Olivia	Anderson	0
fl:yuki_ln:park-00924	Yuki	Park	0
fl:jin_ln:patel-00925	Jin	Patel	
fl:luca_ln:wilson-00926	Luca	Wilson	
fl:john_ln:wilson-00927	John	Wilson	
fl:liu_ln:schmidt-00928	Liu	Schmidt	
fl:ahmed_ln:park-00929	Ahmed	Park	
fl:anika_ln:yamamoto-00930	Anika	Yamamoto	1
fl:giulia_ln:müller-00931	Giulia	Müller	1
fl:olivia_ln:wang-00932	Olivia	Wang	1
fl:min_ln:rodriguez-00933	Min	Rodriguez	0
fl:olivia_ln:johnson-00934	Olivia	Johnson	
fl:wei_ln:patel-00935	Wei	Patel	0
fl:yuki_ln:miller-00936	Yuki	Miller	
fl:fatima_ln:rossi-00937	Fatima	Rossi	0
fl:camille_ln:wilson-00938	Camille	Wilson	0
fl:noah_ln:martin-00939	Noah	Martin	0
fl:mohammed_ln:müller-00940	Mohammed	Müller	1
fl:camille_ln:patel-00941	Camille	Patel	0
fl:ivan_ln:wilson-00942	Ivan	Wilson	0
fl:santosh_ln:petrov-00943	Santosh	Petrov	
fl:isabella_ln:martin-00944	Isabella	Martin	1
fl:fatima_ln:tanaka-00945	Fatima	Tanaka	0
fl:pierre_ln:miller-00946	Pierre	Miller	1
fl:hiroshi_ln:hassan-00947	Hiroshi	Hassan	
fl:hiroshi_ln:patel-00948	Hiroshi	Patel	1
fl:marco_ln:johnson-00949	Marco	Johnson	0
fl:sakura_ln:sato-00950	Sakura	Sato	
fl:ahmed_ln:wilson-00951	Ahmed	Wilson	1
fl:emma_ln:sharma-00952	Emma	Sharma	0
fl:min_ln:sato-00953	Min	Sato	1
fl:sofia_ln:davis-00954	Sofia	Davis	0
fl:ahmed_ln:sharma-00955	Ahmed	Sharma	
fl:chen_ln:li-00956	Chen	Li	1
fl:santosh_ln:brown-00957	Santosh	Brown	
fl:john_ln:petrov-00958	John	Petrov	1
fl:marco_ln:müller-00959	Marco	Müller	0
fl:sakura_ln:petrov-00960	Sakura	Petrov	1
fl:luca_ln:wang-00961	Luca	Wang	0
fl:hiroshi_ln:wilson-00962	Hiroshi	Wilson	0
fl:hiroshi_ln:hassan-00963	Hiroshi	Hassan	1
fl:john_ln:zhang-00964	John	Zhang	0
fl:camille_ln:sato-00965	Camille	Sato	
fl:camille_ln:hassan-00966	Camille	Hassan	1
fl:seo-yun_ln:ahmed-00967	Seo-yun	Ahmed	1
fl:min_ln:rossi-00968	Min	Rossi	0
fl:amelia_ln:li-00969	Amelia	Li	0
fl:anika_ln:martin-00970	Anika	Martin	
fl:liam_ln:kumar-00971	Liam	Kumar	1
fl:chen_ln:sato-00972	Chen	Sato	
fl:amelia_ln:ivanov-00973	Amelia	Ivanov	
fl:aisha_ln:park-00974	Aisha	Park	0
fl:alice_ln:gupta-00975	Alice	Gupta	
fl:sakura_ln:zhang-00976	Sakura	Zhang	
fl:santosh_ln:chen-00977	Santosh	Chen	
fl:santosh_ln:conti-00978	Santosh	Conti	0
fl:santosh_ln:esposito-00979	Santosh	Esposito	
fl:sofia_ln:park-00980	Sofia	Park	
fl:john_ln:müller-00981	John	Müller	0
fl:jin_ln:rodriguez-00982	Jin	Rodriguez	1
fl:ahmed_ln:patel-00983	Ahmed	Patel	
fl:min_ln:esposito-00984	Min	Esposito	
fl:seo-yun_ln:zhang-00985	Seo-yun	Zhang	0
fl:olivia_ln:taylor-00986	Olivia	Taylor	0
fl:mohammed_ln:yamamoto-00987	Mohammed	Yamamoto	
fl:amelia_ln:ivanov-00988	Amelia	Ivanov	
fl:natasha_ln:sharma-00989	Natasha	Sharma	0
fl:mohammed_ln:ferrari-00990	Mohammed	Ferrari	
fl:amelia_ln:sato-00991	Amelia	Sato	0
fl:carlos_ln:ali-00992	Carlos	Ali	
fl:ahmed_ln:petrov-00993	Ahmed	Petrov	
fl:liu_ln:yamamoto-00994	Liu	Yamamoto	
fl:fatima_ln:garcia-00995	Fatima	Garcia	1
fl:priya_ln:johnson-00996	Priya	Johnson	1
fl:alice_ln:davis-00997	Alice	Davis	0
fl:wei_ln:dupont-00998	Wei	Dupont	0
fl:seo-yun_ln:ivanov-00999	Seo-yun	Ivanov	
fl:marco_ln:smith-01000	Marco	Smith	0
fl:ahmed_ln:ivanov-01001	Ahmed	Ivanov	0
fl:luca_ln:suzuki-01002	Luca	Suzuki	
fl:hans_ln:suzuki-01003	Hans	Suzuki	1
fl:kenji_ln:miller-01004	Kenji	Miller	
fl:carlos_ln:brown-01005	Carlos	Brown	1
fl:alice_ln:rodriguez-01006	Alice	Rodriguez	
fl:greta_ln:petrov-01007	Greta	Petrov	1
fl:greta_ln:rossi-01008	Greta	Rossi	
fl:emma_ln:yamamoto-01009	Emma	Yamamoto	
fl:isabella_ln:suzuki-01010	Isabella	Suzuki	0
fl:liu_ln:li-01011	Liu	Li	1
fl:olivia_ln:anderson-01012	Olivia	Anderson	
fl:kenji_ln:conti-01013	Kenji	Conti	1
fl:fatima_ln:rossi-01014	Fatima	Rossi	1
fl:yuki_ln:kumar-01015	Yuki	Kumar	0
fl:wei_ln:kumar-01016	Wei	Kumar	1
fl:noah_ln:li-01017	Noah	Li	1
fl:anika_ln:park-01018	Anika	Park	1
fl:hans_ln:smith-01019	Hans	Smith	
fl:hiroshi_ln:esposito-01020	Hiroshi	Esposito	0
fl:marco_ln:zhang-01021	Marco	Zhang	0
fl:hiroshi_ln:ali-01022	Hiroshi	Ali	
fl:pierre_ln:chen-01023	Pierre	Chen	1
fl:amelia_ln:zhang-01024	Amelia	Zhang	0
fl:luca_ln:ali-01025	Luca	Ali	
fl:greta_ln:smith-01026	Greta	Smith	
fl:yuki_ln:ferrari-01027	Yuki	Ferrari	
fl:anika_ln:dupont-01028	Anika	Dupont	0
fl:marco_ln:sharma-01029	Marco	Sharma	1
fl:aisha_ln:ahmed-01030	Aisha	Ahmed	
fl:ahmed_ln:chen-01031	Ahmed	Chen	0
fl:ahmed_ln:johnson-01032	Ahmed	Johnson	
fl:hans_ln:kumar-01033	Hans	Kumar	0
fl:anika_ln:conti-01034	Anika	Conti	0
fl:emma_ln:smith-01035	Emma	Smith	1
fl:priya_ln:rossi-01036	Priya	Rossi	0
fl:isabella_ln:miller-01037	Isabella	Miller	
fl:wei_ln:müller-01038	Wei	Müller	1
fl:olivia_ln:rossi-01039	Olivia	Rossi	1
fl:pierre_ln:martin-01040	Pierre	Martin	1
fl:priya_ln:petrov-01041	Priya	Petrov	
fl:luca_ln:petrov-01042	Luca	Petrov	1
fl:marco_ln:chen-01043	Marco	Chen	0
fl:pierre_ln:zhang-01044	Pierre	Zhang	0
fl:chen_ln:tanaka-01045	Chen	Tanaka	0
fl:mohammed_ln:wang-01046	Mohammed	Wang	1
fl:hans_ln:davis-01047	Hans	Davis	1
fl:carlos_ln:sato-01048	Carlos	Sato	0
fl:olivia_ln:kumar-01049	Olivia	Kumar	
fl:alice_ln:petrov-01050	Alice	Petrov	
fl:ahmed_ln:kumar-01051	Ahmed	Kumar	1
fl:priya_ln:anderson-01052	Priya	Anderson	
fl:natasha_ln:kumar-01053	Natasha	Kumar	1
fl:john_ln:wilson-01054	John	Wilson	1
fl:amelia_ln:khan-01055	Amelia	Khan	0
fl:rajesh_ln:ali-01056	Rajesh	Ali	1
fl:giulia_ln:davis-01057	Giulia	Davis	0
fl:mohammed_ln:rodriguez-01058	Mohammed	Rodriguez	1
fl:oliver_ln:rodriguez-01059	Oliver	Rodriguez	0
fl:alice_ln:sharma-01060	Alice	Sharma	0
fl:wei_ln:hassan-01061	Wei	Hassan	0
fl:santosh_ln:johnson-01062	Santosh	Johnson	
fl:chen_ln:patel-01063	Chen	Patel	1
fl:noah_ln:patel-01064	Noah	Patel	
fl:liu_ln:miller-01065	Liu	Miller	0
fl:yuki_ln:ferrari-01066	Yuki	Ferrari	1
fl:greta_ln:esposito-01067	Greta	Esposito	
fl:aisha_ln:suzuki-01068	Aisha	Suzuki	
fl:liam_ln:taylor-01069	Liam	Taylor	1
fl:marco_ln:sato-01070	Marco	Sato	1
fl:fatima_ln:garcia-01071	Fatima	Garcia	
fl:santosh_ln:sato-01072	Santosh	Sato	
fl:fatima_ln:zhang-01073	Fatima	Zhang	
fl:sofia_ln:chen-01074	Sofia	Chen	1
fl:oliver_ln:suzuki-01075	Oliver	Suzuki	0
fl:camille_ln:martin-01076	Camille	Martin	0
fl:carlos_ln:hassan-01077	Carlos	Hassan	1
fl:sakura_ln:rodriguez-01078	Sakura	Rodriguez	
fl:aisha_ln:zhang-01079	Aisha	Zhang	1
fl:kenji_ln:suzuki-01080	Kenji	Suzuki	1
fl:jin_ln:ferrari-01081	Jin	Ferrari	1
fl:liam_ln:kim-01082	Liam	Kim	
fl:sofia_ln:tanaka-01083	Sofia	Tanaka	
fl:aisha_ln:conti-01084	Aisha	Conti	
fl:yuki_ln:ivanov-01085	Yuki	Ivanov	
fl:emma_ln:wang-01086	Emma	Wang	0
fl:aisha_ln:garcia-01087	Aisha	Garcia	
fl:carlos_ln:yamamoto-01088	Carlos	Yamamoto	
fl:ahmed_ln:esposito-01089	Ahmed	Esposito	
fl:marco_ln:khan-01090	Marco	Khan	
fl:yuki_ln:schmidt-01091	Yuki	Schmidt	
fl:priya_ln:ahmed-01092	Priya	Ahmed	0
fl:oliver_ln:davis-01093	Oliver	Davis	
fl:john_ln:garcia-01094	John	Garcia	1
fl:noah_ln:chen-01095	Noah	Chen	
fl:priya_ln:davis-01096	Priya	Davis	1
fl:aisha_ln:anderson-01097	Aisha	Anderson	1
fl:anika_ln:brown-01098	Anika	Brown	
fl:santosh_ln:park-01099	Santosh	Park	1
fl:kenji_ln:miller-01100	Kenji	Miller	1
fl:oliver_ln:ferrari-01101	Oliver	Ferrari	
fl:luca_ln:li-01102	Luca	Li	0
fl:seo-yun_ln:johnson-01103	Seo-yun	Johnson	1
fl:seo-yun_ln:anderson-01104	Seo-yun	Anderson	1
fl:kenji_ln:park-01105	Kenji	Park	1
fl:mohammed_ln:davis-01106	Mohammed	Davis	1
fl:anika_ln:smith-01107	Anika	Smith	0
fl:oliver_ln:ahmed-01108	Oliver	Ahmed	
fl:isabella_ln:rossi-01109	Isabella	Rossi	
fl:noah_ln:schmidt-01110	Noah	Schmidt	0
fl:ivan_ln:dupont-01111	Ivan	Dupont	
fl:isabella_ln:smith-01112	Isabella	Smith	1
fl:emma_ln:zhang-01113	Emma	Zhang	
fl:min_ln:sharma-01114	Min	Sharma	0
fl:hans_ln:zhang-01115	Hans	Zhang	
fl:jin_ln:rodriguez-01116	Jin	Rodriguez	
fl:seo-yun_ln:patel-01117	Seo-yun	Patel	
fl:marco_ln:esposito-01118	Marco	Esposito	1
fl:liu_ln:petrov-01119	Liu	Petrov	1
fl:min_ln:garcia-01120	Min	Garcia	0
fl:santosh_ln:chen-01121	Santosh	Chen	0
fl:ahmed_ln:ali-01122	Ahmed	Ali	0
fl:sofia_ln:brown-01123	Sofia	Brown	
fl:min_ln:tanaka-01124	Min	Tanaka	1
fl:isabella_ln:conti-01125	Isabella	Conti	0
fl:ahmed_ln:rossi-01126	Ahmed	Rossi	0
fl:amelia_ln:miller-01127	Amelia	Miller	
fl:isabella_ln:smith-01128	Isabella	Smith	0
fl:pierre_ln:chen-01129	Pierre	Chen	0
fl:pierre_ln:johnson-01130	Pierre	Johnson	0
fl:ahmed_ln:miller-01131	Ahmed	Miller	1
fl:anika_ln:hassan-01132	Anika	Hassan	0
fl:olivia_ln:gupta-01133	Olivia	Gupta	
fl:fatima_ln:rossi-01134	Fatima	Rossi	0
fl:john_ln:rossi-01135	John	Rossi	0
fl:emma_ln:müller-01136	Emma	Müller	1
fl:marco_ln:petrov-01137	Marco	Petrov	0
fl:chen_ln:yamamoto-01138	Chen	Yamamoto	0
fl:hiroshi_ln:schmidt-01139	Hiroshi	Schmidt	1
fl:aisha_ln:zhang-01140	Aisha	Zhang	0
fl:camille_ln:rodriguez-01141	Camille	Rodriguez	0
fl:liu_ln:patel-01142	Liu	Patel	
fl:natasha_ln:dupont-01143	Natasha	Dupont	
fl:sakura_ln:khan-01144	Sakura	Khan	1
fl:emma_ln:kumar-01145	Emma	Kumar	0
fl:kenji_ln:ferrari-01146	Kenji	Ferrari	1
fl:ivan_ln:johnson-01147	Ivan	Johnson	
fl:aisha_ln:gupta-01148	Aisha	Gupta	
fl:chen_ln:wilson-01149	Chen	Wilson	1
fl:santosh_ln:martin-01150	Santosh	Martin	1
fl:sofia_ln:johnson-01151	Sofia	Johnson	0
fl:emma_ln:kumar-01152	Emma	Kumar	1
fl:ahmed_ln:smith-01153	Ahmed	Smith	0
fl:sofia_ln:kim-01154	Sofia	Kim	0
fl:sakura_ln:khan-01155	Sakura	Khan	0
fl:anika_ln:park-01156	Anika	Park	0
fl:anika_ln:sharma-01157	Anika	Sharma	
fl:alice_ln:sharma-01158	Alice	Sharma	
fl:chen_ln:park-01159	Chen	Park	0
fl:chen_ln:smith-01160	Chen	Smith	1
fl:noah_ln:ahmed-01161	Noah	Ahmed	0
fl:liu_ln:ferrari-01162	Liu	Ferrari	0
fl:hiroshi_ln:miller-01163	Hiroshi	Miller	
fl:oliver_ln:tanaka-01164	Oliver	Tanaka	0
fl:chen_ln:esposito-01165	Chen	Esposito	0
fl:hiroshi_ln:schmidt-01166	Hiroshi	Schmidt	1
fl:seo-yun_ln:li-01167	Seo-yun	Li	
fl:ivan_ln:ahmed-01168	Ivan	Ahmed	
fl:liam_ln:khan-01169	Liam	Khan	
fl:priya_ln:rodriguez-01170	Priya	Rodriguez	1
fl:hans_ln:kumar-01171	Hans	Kumar	1
fl:alice_ln:ali-01172	Alice	Ali	1
fl:anika_ln:yamamoto-01173	Anika	Yamamoto	
fl:sakura_ln:garcia-01174	Sakura	Garcia	0
fl:sofia_ln:hassan-01175	Sofia	Hassan	
fl:priya_ln:li-01176	Priya	Li	0
fl:hiroshi_ln:ivanov-01177	Hiroshi	Ivanov	0
fl:min_ln:smith-01178	Min	Smith	
fl:kenji_ln:johnson-01179	Kenji	Johnson	0
fl:liu_ln:schmidt-01180	Liu	Schmidt	1
fl:john_ln:anderson-01181	John	Anderson	0
fl:liu_ln:kumar-01182	Liu	Kumar	1
fl:fatima_ln:sharma-01183	Fatima	Sharma	1
fl:liu_ln:davis-01184	Liu	Davis	0
fl:jin_ln:martin-01185	Jin	Martin	
fl:fatima_ln:yamamoto-01186	Fatima	Yamamoto	
fl:liu_ln:kumar-01187	Liu	Kumar	
fl:hans_ln:yamamoto-01188	Hans	Yamamoto	1
fl:hans_ln:sato-01189	Hans	Sato	
fl:chen_ln:chen-01190	Chen	Chen	
fl:marco_ln:kumar-01191	Marco	Kumar	
fl:wei_ln:chen-01192	Wei	Chen	
fl:liam_ln:wang-01193	Liam	Wang	1
fl:min_ln:smith-01194	Min	Smith	1
fl:wei_ln:khan-01195	Wei	Khan	
fl:noah_ln:dupont-01196	Noah	Dupont	
fl:priya_ln:brown-01197	Priya	Brown	0
fl:priya_ln:sato-01198	Priya	Sato	
fl:ahmed_ln:ivanov-01199	Ahmed	Ivanov	1
fl:chen_ln:smith-01200	Chen	Smith	
fl:luca_ln:martin-01201	Luca	Martin	
fl:hans_ln:wang-01202	Hans	Wang	1
fl:giulia_ln:conti-01203	Giulia	Conti	
fl:fatima_ln:patel-01204	Fatima	Patel	0
fl:ivan_ln:ali-01205	Ivan	Ali	1
fl:jin_ln:anderson-01206	Jin	Anderson	0
fl:alice_ln:ferrari-01207	Alice	Ferrari	
fl:liu_ln:schmidt-01208	Liu	Schmidt	1
fl:alice_ln:gupta-01209	Alice	Gupta	0
fl:carlos_ln:zhang-01210	Carlos	Zhang	0
fl:hans_ln:johnson-01211	Hans	Johnson	
fl:ivan_ln:kumar-01212	Ivan	Kumar	
fl:sakura_ln:patel-01213	Sakura	Patel	1
fl:alice_ln:garcia-01214	Alice	Garcia	
fl:greta_ln:ivanov-01215	Greta	Ivanov	
fl:kenji_ln:park-01216	Kenji	Park	0
fl:greta_ln:gupta-01217	Greta	Gupta	1
fl:liam_ln:zhang-01218	Liam	Zhang	0
fl:fatima_ln:yamamoto-01219	Fatima	Yamamoto	0
fl:giulia_ln:park-01220	Giulia	Park	
fl:anika_ln:smith-01221	Anika	Smith	
fl:marco_ln:johnson-01222	Marco	Johnson	
fl:yuki_ln:dupont-01223	Yuki	Dupont	1
fl:yuki_ln:müller-01224	Yuki	Müller	1
fl:ahmed_ln:müller-01225	Ahmed	Müller	
fl:isabella_ln:martin-01226	Isabella	Martin	
fl:aisha_ln:yamamoto-01227	Aisha	Yamamoto	0
fl:kenji_ln:schmidt-01228	Kenji	Schmidt	1
fl:anika_ln:ivanov-01229	Anika	Ivanov	1
fl:isabella_ln:petrov-01230	Isabella	Petrov	1
fl:camille_ln:hassan-01231	Camille	Hassan	
fl:oliver_ln:rodriguez-01232	Oliver	Rodriguez	1
fl:santosh_ln:martin-01233	Santosh	Martin	
fl:aisha_ln:sharma-01234	Aisha	Sharma	0
fl:rajesh_ln:wilson-01235	Rajesh	Wilson	
fl:natasha_ln:zhang-01236	Natasha	Zhang	0
fl:chen_ln:wang-01237	Chen	Wang	0
fl:fatima_ln:ivanov-01238	Fatima	Ivanov	1
fl:ivan_ln:kim-01239	Ivan	Kim	1
fl:seo-yun_ln:patel-01240	Seo-yun	Patel	0
fl:oliver_ln:johnson-01241	Oliver	Johnson	1
fl:alice_ln:hassan-01242	Alice	Hassan	
fl:wei_ln:rodriguez-01243	Wei	Rodriguez	
fl:pierre_ln:hassan-01244	Pierre	Hassan	
fl:noah_ln:zhang-01245	Noah	Zhang	1
fl:pierre_ln:wang-01246	Pierre	Wang	1
fl:mohammed_ln:rodriguez-01247	Mohammed	Rodriguez	
fl:pierre_ln:tanaka-01248	Pierre	Tanaka	
fl:isabella_ln:müller-01249	Isabella	Müller	0
fl:giulia_ln:martin-01250	Giulia	Martin	
fl:olivia_ln:ivanov-01251	Olivia	Ivanov	1
fl:sofia_ln:johnson-01252	Sofia	Johnson	1
fl:emma_ln:anderson-01253	Emma	Anderson	0
fl:pierre_ln:dupont-01254	Pierre	Dupont	
fl:jin_ln:garcia-01255	Jin	Garcia	0
fl:greta_ln:park-01256	Greta	Park	0
fl:kenji_ln:esposito-01257	Kenji	Esposito	1
fl:camille_ln:zhang-01258	Camille	Zhang	0
fl:liu_ln:suzuki-01259	Liu	Suzuki	0
fl:camille_ln:sato-01260	Camille	Sato	0
fl:olivia_ln:schmidt-01261	Olivia	Schmidt	
fl:giulia_ln:ferrari-01262	Giulia	Ferrari	1
fl:hans_ln:ahmed-01263	Hans	Ahmed	1
fl:anika_ln:brown-01264	Anika	Brown	
fl:alice_ln:yamamoto-01265	Alice	Yamamoto	
fl:greta_ln:garcia-01266	Greta	Garcia	
fl:oliver_ln:tanaka-01267	Oliver	Tanaka	
fl:min_ln:wang-01268	Min	Wang	1
fl:santosh_ln:ali-01269	Santosh	Ali	0
fl:seo-yun_ln:kim-01270	Seo-yun	Kim	1
fl:ahmed_ln:schmidt-01271	Ahmed	Schmidt	
fl:jin_ln:conti-01272	Jin	Conti	
fl:aisha_ln:ali-01273	Aisha	Ali	
fl:chen_ln:müller-01274	Chen	Müller	1
fl:min_ln:park-01275	Min	Park	1
fl:fatima_ln:conti-01276	Fatima	Conti	
fl:natasha_ln:yamamoto-01277	Natasha	Yamamoto	0
fl:carlos_ln:khan-01278	Carlos	Khan	
fl:rajesh_ln:dupont-01279	Rajesh	Dupont	
fl:isabella_ln:müller-01280	Isabella	Müller	1
fl:chen_ln:ferrari-01281	Chen	Ferrari	1
fl:aisha_ln:ali-01282	Aisha	Ali	1
fl:anika_ln:schmidt-01283	Anika	Schmidt	0
fl:liu_ln:park-01284	Liu	Park	1
fl:camille_ln:martin-01285	Camille	Martin	
fl:amelia_ln:li-01286	Amelia	Li	0
fl:kenji_ln:johnson-01287	Kenji	Johnson	0
fl:chen_ln:müller-01288	Chen	Müller	0
fl:luca_ln:suzuki-01289	Luca	Suzuki	1
fl:aisha_ln:johnson-01290	Aisha	Johnson	0
fl:oliver_ln:martin-01291	Oliver	Martin	1
fl:luca_ln:hassan-01292	Luca	Hassan	0
fl:aisha_ln:rodriguez-01293	Aisha	Rodriguez	0
fl:priya_ln:tanaka-01294	Priya	Tanaka	
fl:camille_ln:rodriguez-01295	Camille	Rodriguez	1
fl:alice_ln:miller-01296	Alice	Miller	
fl:kenji_ln:johnson-01297	Kenji	Johnson	
fl:sakura_ln:gupta-01298	Sakura	Gupta	0
fl:kenji_ln:johnson-01299	Kenji	Johnson	1
fl:kenji_ln:brown-01300	Kenji	Brown	1
fl:liu_ln:müller-01301	Liu	Müller	0
fl:santosh_ln:chen-01302	Santosh	Chen	0
fl:liu_ln:park-01303	Liu	Park	1
fl:ivan_ln:tanaka-01304	Ivan	Tanaka	0
fl:giulia_ln:martin-01305	Giulia	Martin	0
fl:liam_ln:petrov-01306	Liam	Petrov	0
fl:yuki_ln:tanaka-01307	Yuki	Tanaka	1
fl:oliver_ln:conti-01308	Oliver	Conti	1
fl:wei_ln:sharma-01309	Wei	Sharma	1
fl:liu_ln:petrov-01310	Liu	Petrov	1
fl:kenji_ln:sharma-01311	Kenji	Sharma	0
fl:marco_ln:taylor-01312	Marco	Taylor	
fl:john_ln:tanaka-01313	John	Tanaka	0
fl:ivan_ln:ivanov-01314	Ivan	Ivanov	0
fl:fatima_ln:taylor-01315	Fatima	Taylor	
fl:natasha_ln:conti-01316	Natasha	Conti	
fl:camille_ln:rossi-01317	Camille	Rossi	1
fl:liu_ln:taylor-01318	Liu	Taylor	1
fl:isabella_ln:patel-01319	Isabella	Patel	
fl:camille_ln:patel-01320	Camille	Patel	
fl:john_ln:li-01321	John	Li	0
fl:priya_ln:tanaka-01322	Priya	Tanaka	
fl:priya_ln:garcia-01323	Priya	Garcia	1
fl:hans_ln:garcia-01324	Hans	Garcia	
fl:oliver_ln:conti-01325	Oliver	Conti	
fl:priya_ln:kim-01326	Priya	Kim	0
fl:olivia_ln:dupont-01327	Olivia	Dupont	0
fl:marco_ln:kumar-01328	Marco	Kumar	
fl:amelia_ln:yamamoto-01329	Amelia	Yamamoto	
fl:ahmed_ln:suzuki-01330	Ahmed	Suzuki	1
fl:kenji_ln:yamamoto-01331	Kenji	Yamamoto	1
fl:ahmed_ln:zhang-01332	Ahmed	Zhang	0
fl:oliver_ln:zhang-01333	Oliver	Zhang	
fl:natasha_ln:rossi-01334	Natasha	Rossi	0
fl:emma_ln:miller-01335	Emma	Miller	
fl:santosh_ln:anderson-01336	Santosh	Anderson	1
fl:mohammed_ln:suzuki-01337	Mohammed	Suzuki	0
fl:natasha_ln:garcia-01338	Natasha	Garcia	0
fl:ivan_ln:tanaka-01339	Ivan	Tanaka	
fl:fatima_ln:rossi-01340	Fatima	Rossi	
fl:sakura_ln:taylor-01341	Sakura	Taylor	1
fl:giulia_ln:ferrari-01342	Giulia	Ferrari	
fl:aisha_ln:patel-01343	Aisha	Patel	0
fl:sofia_ln:yamamoto-01344	Sofia	Yamamoto	1
fl:carlos_ln:tanaka-01345	Carlos	Tanaka	
fl:camille_ln:martin-01346	Camille	Martin	
fl:mohammed_ln:khan-01347	Mohammed	Khan	0
fl:oliver_ln:esposito-01348	Oliver	Esposito	0
fl:john_ln:schmidt-01349	John	Schmidt	0
fl:yuki_ln:ahmed-01350	Yuki	Ahmed	0
fl:mohammed_ln:müller-01351	Mohammed	Müller	
fl:giulia_ln:taylor-01352	Giulia	Taylor	1
fl:hiroshi_ln:ferrari-01353	Hiroshi	Ferrari	0
fl:isabella_ln:zhang-01354	Isabella	Zhang	0
fl:yuki_ln:dupont-01355	Yuki	Dupont	0
fl:santosh_ln:dupont-01356	Santosh	Dupont	0
fl:jin_ln:kumar-01357	Jin	Kumar	
fl:yuki_ln:chen-01358	Yuki	Chen	
fl:marco_ln:ahmed-01359	Marco	Ahmed	0
fl:luca_ln:miller-01360	Luca	Miller	
fl:camille_ln:anderson-01361	Camille	Anderson	1
fl:anika_ln:esposito-01362	Anika	Esposito	0
fl:isabella_ln:brown-01363	Isabella	Brown	0
fl:sakura_ln:brown-01364	Sakura	Brown	0
fl:hiroshi_ln:petrov-01365	Hiroshi	Petrov	1
fl:yuki_ln:suzuki-01366	Yuki	Suzuki	
fl:yuki_ln:ferrari-01367	Yuki	Ferrari	
fl:ivan_ln:yamamoto-01368	Ivan	Yamamoto	
fl:sofia_ln:petrov-01369	Sofia	Petrov	
fl:liu_ln:ahmed-01370	Liu	Ahmed	0
fl:noah_ln:kim-01371	Noah	Kim	
fl:hans_ln:kumar-01372	Hans	Kumar	1
fl:camille_ln:dupont-01373	Camille	Dupont	1
fl:liu_ln:hassan-01374	Liu	Hassan	0
fl:mohammed_ln:ivanov-01375	Mohammed	Ivanov	1
fl:aisha_ln:schmidt-01376	Aisha	Schmidt	1
fl:jin_ln:schmidt-01377	Jin	Schmidt	0
fl:kenji_ln:ahmed-01378	Kenji	Ahmed	1
fl:fatima_ln:hassan-01379	Fatima	Hassan	
fl:hans_ln:patel-01380	Hans	Patel	0
fl:natasha_ln:ali-01381	Natasha	Ali	
fl:jin_ln:sharma-01382	Jin	Sharma	0
fl:chen_ln:sato-01383	Chen	Sato	0
fl:liu_ln:park-01384	Liu	Park	0
fl:sakura_ln:zhang-01385	Sakura	Zhang	0
fl:mohammed_ln:miller-01386	Mohammed	Miller	1
fl:sofia_ln:gupta-01387	Sofia	Gupta	1
fl:liu_ln:ali-01388	Liu	Ali	1
fl:emma_ln:rodriguez-01389	Emma	Rodriguez	
fl:liam_ln:li-01390	Liam	Li	1
fl:seo-yun_ln:gupta-01391	Seo-yun	Gupta	
fl:hiroshi_ln:park-01392	Hiroshi	Park	
fl:liu_ln:taylor-01393	Liu	Taylor	
fl:rajesh_ln:sato-01394	Rajesh	Sato	1
fl:mohammed_ln:zhang-01395	Mohammed	Zhang	
fl:kenji_ln:li-01396	Kenji	Li	0
fl:amelia_ln:dupont-01397	Amelia	Dupont	0
fl:yuki_ln:khan-01398	Yuki	Khan	1
fl:luca_ln:sato-01399	Luca	Sato	
fl:olivia_ln:chen-01400	Olivia	Chen	
fl:giulia_ln:davis-01401	Giulia	Davis	0
fl:kenji_ln:smith-01402	Kenji	Smith	1
fl:luca_ln:taylor-01403	Luca	Taylor	0
fl:ahmed_ln:wilson-01404	Ahmed	Wilson	
fl:chen_ln:müller-01405	Chen	Müller	
fl:mohammed_ln:davis-01406	Mohammed	Davis	1
fl:natasha_ln:khan-01407	Natasha	Khan	0
fl:giulia_ln:rodriguez-01408	Giulia	Rodriguez	
fl:kenji_ln:ferrari-01409	Kenji	Ferrari	
fl:ivan_ln:ivanov-01410	Ivan	Ivanov	1
fl:amelia_ln:martin-01411	Amelia	Martin	
fl:sakura_ln:conti-01412	Sakura	Conti	0
fl:natasha_ln:conti-01413	Natasha	Conti	
fl:wei_ln:patel-01414	Wei	Patel	1
fl:santosh_ln:conti-01415	Santosh	Conti	0
fl:pierre_ln:suzuki-01416	Pierre	Suzuki	1
fl:seo-yun_ln:tanaka-01417	Seo-yun	Tanaka	1
fl:carlos_ln:tanaka-01418	Carlos	Tanaka	
fl:priya_ln:park-01419	Priya	Park	
fl:yuki_ln:smith-01420	Yuki	Smith	1
fl:pierre_ln:johnson-01421	Pierre	Johnson	
fl:greta_ln:ferrari-01422	Greta	Ferrari	1
fl:kenji_ln:yamamoto-01423	Kenji	Yamamoto	1
fl:greta_ln:li-01424	Greta	Li	
fl:pierre_ln:yamamoto-01425	Pierre	Yamamoto	
fl:sofia_ln:kim-01426	Sofia	Kim	
fl:liam_ln:chen-01427	Liam	Chen	0
fl:liam_ln:tanaka-01428	Liam	Tanaka	0
fl:liu_ln:tanaka-01429	Liu	Tanaka	1
fl:hiroshi_ln:martin-01430	Hiroshi	Martin	0
fl:noah_ln:ferrari-01431	Noah	Ferrari	0
fl:ivan_ln:garcia-01432	Ivan	Garcia	
fl:min_ln:rodriguez-01433	Min	Rodriguez	1
fl:min_ln:ahmed-01434	Min	Ahmed	
fl:priya_ln:ivanov-01435	Priya	Ivanov	
fl:min_ln:ferrari-01436	Min	Ferrari	
fl:sakura_ln:kim-01437	Sakura	Kim	0
fl:aisha_ln:anderson-01438	Aisha	Anderson	1
fl:john_ln:gupta-01439	John	Gupta	0
fl:camille_ln:miller-01440	Camille	Miller	1
fl:priya_ln:schmidt-01441	Priya	Schmidt	
fl:marco_ln:conti-01442	Marco	Conti	1
fl:liam_ln:sato-01443	Liam	Sato	
fl:ahmed_ln:ivanov-01444	Ahmed	Ivanov	1
fl:pierre_ln:rossi-01445	Pierre	Rossi	0
fl:giulia_ln:martin-01446	Giulia	Martin	
fl:giulia_ln:müller-01447	Giulia	Müller	
fl:ahmed_ln:conti-01448	Ahmed	Conti	1
fl:seo-yun_ln:ferrari-01449	Seo-yun	Ferrari	0
fl:john_ln:ahmed-01450	John	Ahmed	
fl:marco_ln:kim-01451	Marco	Kim	1
fl:aisha_ln:davis-01452	Aisha	Davis	
fl:chen_ln:hassan-01453	Chen	Hassan	0
fl:marco_ln:ali-01454	Marco	Ali	
fl:santosh_ln:khan-01455	Santosh	Khan	0
fl:mohammed_ln:müller-01456	Mohammed	Müller	0
fl:luca_ln:khan-01457	Luca	Khan	
fl:natasha_ln:kumar-01458	Natasha	Kumar	
fl:seo-yun_ln:rodriguez-01459	Seo-yun	Rodriguez	0
fl:noah_ln:petrov-01460	Noah	Petrov	0
fl:isabella_ln:ivanov-01461	Isabella	Ivanov	0
fl:ivan_ln:ahmed-01462	Ivan	Ahmed	
fl:amelia_ln:park-01463	Amelia	Park	1
fl:luca_ln:rossi-01464	Luca	Rossi	0
fl:min_ln:smith-01465	Min	Smith	
fl:hans_ln:rossi-01466	Hans	Rossi	
fl:alice_ln:kumar-01467	Alice	Kumar	0
fl:greta_ln:martin-01468	Greta	Martin	1
fl:hiroshi_ln:khan-01469	Hiroshi	Khan	
fl:giulia_ln:khan-01470	Giulia	Khan	1
fl:emma_ln:johnson-01471	Emma	Johnson	1
fl:noah_ln:garcia-01472	Noah	Garcia	0
fl:oliver_ln:suzuki-01473	Oliver	Suzuki	1
fl:amelia_ln:conti-01474	Amelia	Conti	1
fl:isabella_ln:ahmed-01475	Isabella	Ahmed	0
fl:camille_ln:johnson-01476	Camille	Johnson	1
fl:hans_ln:martin-01477	Hans	Martin	
fl:ivan_ln:taylor-01478	Ivan	Taylor	0
fl:marco_ln:sato-01479	Marco	Sato	
fl:sakura_ln:ali-01480	Sakura	Ali	0
fl:emma_ln:anderson-01481	Emma	Anderson	
fl:chen_ln:hassan-01482	Chen	Hassan	
fl:olivia_ln:rossi-01483	Olivia	Rossi	0
fl:alice_ln:tanaka-01484	Alice	Tanaka	0
fl:hiroshi_ln:sato-01485	Hiroshi	Sato	
fl:ivan_ln:patel-01486	Ivan	Patel	0
fl:mohammed_ln:hassan-01487	Mohammed	Hassan	1
fl:priya_ln:esposito-01488	Priya	Esposito	1
fl:giulia_ln:ali-01489	Giulia	Ali	1
fl:luca_ln:davis-01490	Luca	Davis	0
fl:liu_ln:tanaka-01491	Liu	Tanaka	1
fl:liu_ln:khan-01492	Liu	Khan	1
fl:chen_ln:kim-01493	Chen	Kim	1
fl:fatima_ln:wilson-01494	Fatima	Wilson	1
fl:rajesh_ln:müller-01495	Rajesh	Müller	1
fl:olivia_ln:kumar-01496	Olivia	Kumar	
fl:giulia_ln:martin-01497	Giulia	Martin	1
fl:olivia_ln:chen-01498	Olivia	Chen	1
fl:john_ln:li-01499	John	Li	1
fl:marco_ln:chen-01500	Marco	Chen	0
fl:sofia_ln:dupont-01501	Sofia	Dupont	0
fl:hiroshi_ln:garcia-01502	Hiroshi	Garcia	0
fl:fatima_ln:conti-01503	Fatima	Conti	1
fl:santosh_ln:anderson-01504	Santosh	Anderson	1
fl:amelia_ln:gupta-01505	Amelia	Gupta	
fl:liu_ln:li-01506	Liu	Li	1
fl:john_ln:wilson-01507	John	Wilson	0
fl:marco_ln:petrov-01508	Marco	Petrov	1
fl:ahmed_ln:wang-01509	Ahmed	Wang	0
fl:chen_ln:esposito-01510	Chen	Esposito	
fl:liam_ln:park-01511	Liam	Park	1
fl:carlos_ln:rossi-01512	Carlos	Rossi	
fl:anika_ln:gupta-01513	Anika	Gupta	0
fl:isabella_ln:zhang-01514	Isabella	Zhang	
fl:pierre_ln:ahmed-01515	Pierre	Ahmed	1
fl:liam_ln:gupta-01516	Liam	Gupta	1
fl:hiroshi_ln:martin-01517	Hiroshi	Martin	0
fl:yuki_ln:rodriguez-01518	Yuki	Rodriguez	1
fl:sofia_ln:miller-01519	Sofia	Miller	0
fl:natasha_ln:zhang-01520	Natasha	Zhang	0
fl:chen_ln:zhang-01521	Chen	Zhang	1
fl:yuki_ln:kim-01522	Yuki	Kim	1
fl:anika_ln:kumar-01523	Anika	Kumar	
fl:ahmed_ln:müller-01524	Ahmed	Müller	1
fl:pierre_ln:ali-01525	Pierre	Ali	1
fl:anika_ln:yamamoto-01526	Anika	Yamamoto	
fl:priya_ln:ivanov-01527	Priya	Ivanov	
fl:john_ln:johnson-01528	John	Johnson	0
fl:jin_ln:chen-01529	Jin	Chen	1
fl:john_ln:kumar-01530	John	Kumar	1
fl:giulia_ln:rodriguez-01531	Giulia	Rodriguez	1
fl:wei_ln:esposito-01532	Wei	Esposito	
fl:rajesh_ln:dupont-01533	Rajesh	Dupont	1
fl:fatima_ln:müller-01534	Fatima	Müller	
fl:noah_ln:petrov-01535	Noah	Petrov	1
fl:liu_ln:esposito-01536	Liu	Esposito	
fl:alice_ln:dupont-01537	Alice	Dupont	0
fl:emma_ln:zhang-01538	Emma	Zhang	1
fl:ivan_ln:chen-01539	Ivan	Chen	1
fl:sakura_ln:kim-01540	Sakura	Kim	0
fl:hans_ln:müller-01541	Hans	Müller	1
fl:seo-yun_ln:taylor-01542	Seo-yun	Taylor	1
fl:yuki_ln:kumar-01543	Yuki	Kumar	0
fl:john_ln:kim-01544	John	Kim	1
fl:seo-yun_ln:suzuki-01545	Seo-yun	Suzuki	
fl:chen_ln:rodriguez-01546	Chen	Rodriguez	
fl:sofia_ln:khan-01547	Sofia	Khan	1
fl:min_ln:rodriguez-01548	Min	Rodriguez	1
fl:min_ln:anderson-01549	Min	Anderson	1
fl:mohammed_ln:ali-01550	Mohammed	Ali	
fl:camille_ln:hassan-01551	Camille	Hassan	
fl:alice_ln:esposito-01552	Alice	Esposito	
fl:greta_ln:wang-01553	Greta	Wang	
fl:rajesh_ln:park-01554	Rajesh	Park	
fl:liu_ln:ferrari-01555	Liu	Ferrari	1
fl:emma_ln:ivanov-01556	Emma	Ivanov	
fl:min_ln:patel-01557	Min	Patel	0
fl:wei_ln:conti-01558	Wei	Conti	1
fl:fatima_ln:ivanov-01559	Fatima	Ivanov	0
fl:isabella_ln:tanaka-01560	Isabella	Tanaka	0
fl:aisha_ln:sato-01561	Aisha	Sato	1
fl:mohammed_ln:dupont-01562	Mohammed	Dupont	
fl:anika_ln:li-01563	Anika	Li	1
fl:anika_ln:rodriguez-01564	Anika	Rodriguez	1
fl:greta_ln:dupont-01565	Greta	Dupont	1
fl:mohammed_ln:hassan-01566	Mohammed	Hassan	
fl:sakura_ln:smith-01567	Sakura	Smith	0
fl:liu_ln:martin-01568	Liu	Martin	0
fl:chen_ln:taylor-01569	Chen	Taylor	1
fl:carlos_ln:ferrari-01570	Carlos	Ferrari	1
fl:marco_ln:garcia-01571	Marco	Garcia	
fl:luca_ln:hassan-01572	Luca	Hassan	0
fl:ahmed_ln:li-01573	Ahmed	Li	0
fl:ivan_ln:ahmed-01574	Ivan	Ahmed	
fl:olivia_ln:sharma-01575	Olivia	Sharma	1
fl:carlos_ln:zhang-01576	Carlos	Zhang	
fl:carlos_ln:conti-01577	Carlos	Conti	1
fl:luca_ln:gupta-01578	Luca	Gupta	
fl:fatima_ln:müller-01579	Fatima	Müller	1
fl:greta_ln:müller-01580	Greta	Müller	1
fl:ivan_ln:petrov-01581	Ivan	Petrov	
fl:mohammed_ln:zhang-01582	Mohammed	Zhang	0
fl:carlos_ln:ferrari-01583	Carlos	Ferrari	1
fl:santosh_ln:esposito-01584	Santosh	Esposito	
fl:oliver_ln:wilson-01585	Oliver	Wilson	1
fl:amelia_ln:suzuki-01586	Amelia	Suzuki	
fl:amelia_ln:ahmed-01587	Amelia	Ahmed	
fl:hans_ln:rossi-01588	Hans	Rossi	1
fl:pierre_ln:suzuki-01589	Pierre	Suzuki	1
fl:ahmed_ln:rodriguez-01590	Ahmed	Rodriguez	
fl:fatima_ln:schmidt-01591	Fatima	Schmidt	1
fl:oliver_ln:kumar-01592	Oliver	Kumar	
fl:wei_ln:garcia-01593	Wei	Garcia	0
fl:seo-yun_ln:esposito-01594	Seo-yun	Esposito	
fl:liu_ln:brown-01595	Liu	Brown	1
fl:ahmed_ln:ferrari-01596	Ahmed	Ferrari	
fl:ahmed_ln:dupont-01597	Ahmed	Dupont	1
fl:marco_ln:chen-01598	Marco	Chen	0
fl:hans_ln:rodriguez-01599	Hans	Rodriguez	1
fl:mohammed_ln:kim-01600	Mohammed	Kim	1
fl:giulia_ln:chen-01601	Giulia	Chen	
fl:luca_ln:suzuki-01602	Luca	Suzuki	1
fl:pierre_ln:yamamoto-01603	Pierre	Yamamoto	0
fl:olivia_ln:müller-01604	Olivia	Müller	1
fl:hans_ln:kim-01605	Hans	Kim	1
fl:mohammed_ln:brown-01606	Mohammed	Brown	
fl:yuki_ln:garcia-01607	Yuki	Garcia	0
fl:hiroshi_ln:zhang-01608	Hiroshi	Zhang	
fl:emma_ln:patel-01609	Emma	Patel	
fl:emma_ln:johnson-01610	Emma	Johnson	
fl:isabella_ln:tanaka-01611	Isabella	Tanaka	1
fl:jin_ln:ahmed-01612	Jin	Ahmed	0
fl:noah_ln:hassan-01613	Noah	Hassan	0
fl:rajesh_ln:ivanov-01614	Rajesh	Ivanov	
fl:yuki_ln:garcia-01615	Yuki	Garcia	
fl:alice_ln:miller-01616	Alice	Miller	
fl:mohammed_ln:yamamoto-01617	Mohammed	Yamamoto	
fl:chen_ln:sato-01618	Chen	Sato	0
fl:sofia_ln:esposito-01619	Sofia	Esposito	
fl:alice_ln:rodriguez-01620	Alice	Rodriguez	
fl:seo-yun_ln:tanaka-01621	Seo-yun	Tanaka	1
fl:ahmed_ln:rodriguez-01622	Ahmed	Rodriguez	1
fl:mohammed_ln:yamamoto-01623	Mohammed	Yamamoto	1
fl:natasha_ln:zhang-01624	Natasha	Zhang	1
fl:amelia_ln:petrov-01625	Amelia	Petrov	0
fl:liam_ln:petrov-01626	Liam	Petrov	0
fl:hiroshi_ln:garcia-01627	Hiroshi	Garcia	0
fl:olivia_ln:martin-01628	Olivia	Martin	0
fl:oliver_ln:ahmed-01629	Oliver	Ahmed	0
fl:santosh_ln:garcia-01630	Santosh	Garcia	0
fl:marco_ln:davis-01631	Marco	Davis	0
fl:fatima_ln:petrov-01632	Fatima	Petrov	0
fl:pierre_ln:esposito-01633	Pierre	Esposito	0
fl:pierre_ln:patel-01634	Pierre	Patel	
fl:marco_ln:sharma-01635	Marco	Sharma	0
fl:camille_ln:taylor-01636	Camille	Taylor	0
fl:jin_ln:gupta-01637	Jin	Gupta	
fl:john_ln:suzuki-01638	John	Suzuki	1
fl:chen_ln:anderson-01639	Chen	Anderson	
fl:mohammed_ln:zhang-01640	Mohammed	Zhang	0
fl:jin_ln:li-01641	Jin	Li	0
fl:hiroshi_ln:rossi-01642	Hiroshi	Rossi	1
fl:sofia_ln:anderson-01643	Sofia	Anderson	
fl:mohammed_ln:chen-01644	Mohammed	Chen	
fl:natasha_ln:kim-01645	Natasha	Kim	
fl:rajesh_ln:zhang-01646	Rajesh	Zhang	
fl:wei_ln:patel-01647	Wei	Patel	1
fl:ivan_ln:rodriguez-01648	Ivan	Rodriguez	
fl:amelia_ln:patel-01649	Amelia	Patel	1
fl:min_ln:ali-01650	Min	Ali	
fl:aisha_ln:zhang-01651	Aisha	Zhang	1
fl:alice_ln:zhang-01652	Alice	Zhang	
fl:yuki_ln:garcia-01653	Yuki	Garcia	1
fl:oliver_ln:anderson-01654	Oliver	Anderson	1
fl:rajesh_ln:hassan-01655	Rajesh	Hassan	1
fl:sakura_ln:park-01656	Sakura	Park	0
fl:fatima_ln:davis-01657	Fatima	Davis	1
fl:yuki_ln:conti-01658	Yuki	Conti	
fl:isabella_ln:rossi-01659	Isabella	Rossi	0
fl:alice_ln:miller-01660	Alice	Miller	0
fl:santosh_ln:yamamoto-01661	Santosh	Yamamoto	1
fl:noah_ln:martin-01662	Noah	Martin	0
fl:liu_ln:sato-01663	Liu	Sato	1
fl:liu_ln:wang-01664	Liu	Wang	1
fl:kenji_ln:ferrari-01665	Kenji	Ferrari	1
fl:natasha_ln:johnson-01666	Natasha	Johnson	
fl:hans_ln:kim-01667	Hans	Kim	0
fl:sofia_ln:garcia-01668	Sofia	Garcia	
fl:hans_ln:hassan-01669	Hans	Hassan	0
fl:greta_ln:kim-01670	Greta	Kim	1
fl:liam_ln:ali-01671	Liam	Ali	
fl:mohammed_ln:conti-01672	Mohammed	Conti	
fl:wei_ln:garcia-01673	Wei	Garcia	1
fl:oliver_ln:garcia-01674	Oliver	Garcia	1
fl:priya_ln:sharma-01675	Priya	Sharma	1
fl:sakura_ln:garcia-01676	Sakura	Garcia	0
fl:amelia_ln:chen-01677	Amelia	Chen	
fl:seo-yun_ln:ahmed-01678	Seo-yun	Ahmed	0
fl:priya_ln:yamamoto-01679	Priya	Yamamoto	1
fl:fatima_ln:davis-01680	Fatima	Davis	1
fl:alice_ln:conti-01681	Alice	Conti	1
fl:emma_ln:rodriguez-01682	Emma	Rodriguez	0
fl:greta_ln:yamamoto-01683	Greta	Yamamoto	
fl:alice_ln:brown-01684	Alice	Brown	0
fl:sakura_ln:ferrari-01685	Sakura	Ferrari	
fl:alice_ln:rossi-01686	Alice	Rossi	
fl:emma_ln:anderson-01687	Emma	Anderson	1
fl:camille_ln:dupont-01688	Camille	Dupont	
fl:natasha_ln:brown-01689	Natasha	Brown	
fl:noah_ln:petrov-01690	Noah	Petrov	
fl:fatima_ln:ivanov-01691	Fatima	Ivanov	1
fl:seo-yun_ln:müller-01692	Seo-yun	Müller	0
fl:santosh_ln:taylor-01693	Santosh	Taylor	
fl:mohammed_ln:schmidt-01694	Mohammed	Schmidt	0
fl:sakura_ln:wilson-01695	Sakura	Wilson	
fl:marco_ln:tanaka-01696	Marco	Tanaka	0
fl:rajesh_ln:davis-01697	Rajesh	Davis	0
fl:mohammed_ln:johnson-01698	Mohammed	Johnson	0
fl:hans_ln:rodriguez-01699	Hans	Rodriguez	1
fl:noah_ln:chen-01700	Noah	Chen	
fl:rajesh_ln:ferrari-01701	Rajesh	Ferrari	1
fl:seo-yun_ln:johnson-01702	Seo-yun	Johnson	1
fl:amelia_ln:ivanov-01703	Amelia	Ivanov	0
fl:alice_ln:petrov-01704	Alice	Petrov	0
fl:seo-yun_ln:kim-01705	Seo-yun	Kim	
fl:priya_ln:hassan-01706	Priya	Hassan	
fl:seo-yun_ln:suzuki-01707	Seo-yun	Suzuki	
fl:olivia_ln:kim-01708	Olivia	Kim	1
fl:giulia_ln:rodriguez-01709	Giulia	Rodriguez	
fl:sofia_ln:wang-01710	Sofia	Wang	
fl:ivan_ln:esposito-01711	Ivan	Esposito	
fl:min_ln:rodriguez-01712	Min	Rodriguez	0
fl:sakura_ln:zhang-01713	Sakura	Zhang	0
fl:rajesh_ln:smith-01714	Rajesh	Smith	
fl:emma_ln:sato-01715	Emma	Sato	
fl:marco_ln:garcia-01716	Marco	Garcia	0
fl:chen_ln:dupont-01717	Chen	Dupont	0
fl:santosh_ln:rossi-01718	Santosh	Rossi	
fl:isabella_ln:wilson-01719	Isabella	Wilson	
fl:priya_ln:conti-01720	Priya	Conti	
fl:pierre_ln:yamamoto-01721	Pierre	Yamamoto	
fl:natasha_ln:kim-01722	Natasha	Kim	1
fl:olivia_ln:anderson-01723	Olivia	Anderson	
fl:camille_ln:hassan-01724	Camille	Hassan	0
fl:luca_ln:petrov-01725	Luca	Petrov	1
fl:hans_ln:patel-01726	Hans	Patel	
fl:alice_ln:müller-01727	Alice	Müller	
fl:seo-yun_ln:park-01728	Seo-yun	Park	
fl:greta_ln:müller-01729	Greta	Müller	0
fl:giulia_ln:brown-01730	Giulia	Brown	
fl:liam_ln:kim-01731	Liam	Kim	0
fl:greta_ln:johnson-01732	Greta	Johnson	1
fl:oliver_ln:ahmed-01733	Oliver	Ahmed	0
fl:wei_ln:müller-01734	Wei	Müller	
fl:alice_ln:esposito-01735	Alice	Esposito	1
fl:ivan_ln:wilson-01736	Ivan	Wilson	1
fl:carlos_ln:kumar-01737	Carlos	Kumar	0
fl:ivan_ln:park-01738	Ivan	Park	
fl:emma_ln:esposito-01739	Emma	Esposito	
fl:santosh_ln:ahmed-01740	Santosh	Ahmed	
fl:fatima_ln:garcia-01741	Fatima	Garcia	
fl:jin_ln:taylor-01742	Jin	Taylor	0
fl:camille_ln:miller-01743	Camille	Miller	1
fl:amelia_ln:petrov-01744	Amelia	Petrov	0
fl:sofia_ln:chen-01745	Sofia	Chen	
fl:santosh_ln:rodriguez-01746	Santosh	Rodriguez	0
fl:natasha_ln:khan-01747	Natasha	Khan	0
fl:jin_ln:khan-01748	Jin	Khan	0
fl:isabella_ln:conti-01749	Isabella	Conti	
fl:pierre_ln:rodriguez-01750	Pierre	Rodriguez	1
fl:kenji_ln:smith-01751	Kenji	Smith	1
fl:olivia_ln:khan-01752	Olivia	Khan	1
fl:noah_ln:dupont-01753	Noah	Dupont	1
fl:alice_ln:wilson-01754	Alice	Wilson	1
fl:isabella_ln:wilson-01755	Isabella	Wilson	1
fl:min_ln:dupont-01756	Min	Dupont	1
fl:olivia_ln:ferrari-01757	Olivia	Ferrari	1
fl:santosh_ln:wang-01758	Santosh	Wang	1
fl:noah_ln:sharma-01759	Noah	Sharma	0
fl:seo-yun_ln:smith-01760	Seo-yun	Smith	0
fl:yuki_ln:rodriguez-01761	Yuki	Rodriguez	
fl:sakura_ln:davis-01762	Sakura	Davis	
fl:greta_ln:suzuki-01763	Greta	Suzuki	
fl:kenji_ln:johnson-01764	Kenji	Johnson	0
fl:mohammed_ln:gupta-01765	Mohammed	Gupta	0
fl:liam_ln:smith-01766	Liam	Smith	
fl:min_ln:esposito-01767	Min	Esposito	0
fl:hiroshi_ln:martin-01768	Hiroshi	Martin	1
fl:liu_ln:sharma-01769	Liu	Sharma	0
fl:yuki_ln:ivanov-01770	Yuki	Ivanov	0
fl:liam_ln:suzuki-01771	Liam	Suzuki	
fl:jin_ln:martin-01772	Jin	Martin	
fl:aisha_ln:conti-01773	Aisha	Conti	1
fl:rajesh_ln:petrov-01774	Rajesh	Petrov	1
fl:chen_ln:wilson-01775	Chen	Wilson	0
fl:chen_ln:davis-01776	Chen	Davis	
fl:amelia_ln:rossi-01777	Amelia	Rossi	1
fl:carlos_ln:petrov-01778	Carlos	Petrov	
fl:pierre_ln:suzuki-01779	Pierre	Suzuki	0
fl:hiroshi_ln:martin-01780	Hiroshi	Martin	1
fl:ivan_ln:schmidt-01781	Ivan	Schmidt	0
fl:seo-yun_ln:esposito-01782	Seo-yun	Esposito	1
fl:natasha_ln:sato-01783	Natasha	Sato	
fl:santosh_ln:garcia-01784	Santosh	Garcia	0
fl:ahmed_ln:rodriguez-01785	Ahmed	Rodriguez	
fl:aisha_ln:park-01786	Aisha	Park	0
fl:luca_ln:esposito-01787	Luca	Esposito	
fl:pierre_ln:schmidt-01788	Pierre	Schmidt	
fl:giulia_ln:johnson-01789	Giulia	Johnson	0
fl:noah_ln:tanaka-01790	Noah	Tanaka	0
fl:min_ln:miller-01791	Min	Miller	
fl:mohammed_ln:rossi-01792	Mohammed	Rossi	1
fl:ahmed_ln:suzuki-01793	Ahmed	Suzuki	0
fl:ahmed_ln:brown-01794	Ahmed	Brown	0
fl:hans_ln:johnson-01795	Hans	Johnson	1
fl:luca_ln:rodriguez-01796	Luca	Rodriguez	1
fl:anika_ln:sharma-01797	Anika	Sharma	
fl:oliver_ln:sharma-01798	Oliver	Sharma	1
fl:sakura_ln:taylor-01799	Sakura	Taylor	1
